,WORD,LEMMA,XPOS,0
910,n't,not,RB,4005
319,also,also,RB,1746
946,not,not,RB,1607
974,only,only,RB,923
355,as,as,RB,913
952,now,now,RB,834
587,even,even,RB,726
276,about,about,RB,691
817,just,just,RB,671
1375,up,up,RB,648
1196,so,so,RB,629
1241,still,still,RB,606
1411,well,well,RB,516
534,down,down,RB,467
1395,very,very,RB,434
1292,then,then,RB,425
303,ago,ago,RB,415
1316,too,too,RB,393
906,much,much,RB,385
318,already,already,RB,369
614,far,far,RB,367
372,back,back,RB,364
738,however,however,RB,322
1109,recently,recently,RB,310
719,here,here,RB,287
918,nearly,nearly,RB,256
313,almost,almost,RB,240
969,often,often,RB,228
301,again,again,RB,227
484,currently,currently,RB,225
927,never,never,RB,216
1436,yet,yet,RB,208
165,Now,now,RB,191
1212,soon,soon,RB,187
105,However,however,RB,182
1101,rather,rather,RB,182
1068,probably,probably,RB,179
829,later,later,RB,177
1293,there,there,RB,170
1061,previously,previously,RB,166
972,once,once,RB,164
1187,slightly,slightly,RB,162
1013,particularly,particularly,RB,160
368,away,away,RB,160
584,especially,especially,RB,159
69,Even,even,RB,158
1106,really,really,RB,156
590,ever,ever,RB,155
849,long,long,RB,146
145,Meanwhile,meanwhile,RB,142
1092,quickly,quickly,RB,142
824,largely,largely,RB,142
322,always,always,RB,139
304,ahead,ahead,RB,139
675,generally,generally,RB,137
223,So,so,RB,135
234,Still,still,RB,134
546,earlier,earlier,RB,132
1166,sharply,sharply,RB,132
547,early,early,RB,127
788,instead,instead,RB,127
1175,simply,simply,RB,127
1385,usually,usually,RB,121
22,Also,also,RB,121
574,enough,enough,RB,121
987,out,out,RB,119
441,closely,closely,RB,117
520,directly,directly,RB,114
670,fully,fully,RB,109
632,first,first,RB,108
965,off,off,RB,107
287,actually,actually,RB,107
827,late,late,RB,105
936,no,no,RB,105
1014,partly,partly,RB,104
726,highly,highly,RB,101
1023,perhaps,perhaps,RB,101
344,apparently,apparently,RB,99
243,Then,then,RB,99
1419,widely,widely,RB,99
1117,relatively,relatively,RB,96
163,Not,not,RB,95
146,Moreover,moreover,RB,94
315,alone,alone,RB,92
1313,together,together,RB,91
1134,right,right,RB,86
845,little,little,RB,85
119,Instead,instead,RB,83
904,mostly,mostly,RB,83
1084,publicly,publicly,RB,81
566,else,else,RB,81
716,heavily,heavily,RB,80
746,immediately,immediately,RB,79
113,Indeed,indeed,RB,78
764,increasingly,increasingly,RB,77
424,certainly,certainly,RB,75
1138,roughly,roughly,RB,73
440,close,close,RB,73
589,eventually,eventually,RB,71
1062,primarily,primarily,RB,71
1331,typically,typically,RB,70
673,further,further,RB,70
437,clearly,clearly,RB,69
1209,sometimes,sometimes,RB,69
864,mainly,mainly,RB,68
382,before,before,RB,68
353,around,around,RB,67
1258,substantially,substantially,RB,66
1095,quite,quite,RB,65
754,in,in,RB,65
1304,though,though,RB,64
330,annually,annually,RB,64
1307,thus,thus,RB,63
1060,pretty,pretty,RB,63
103,Here,here,RB,62
1172,significantly,significantly,RB,62
627,finally,finally,RB,61
381,because,because,RB,60
610,fairly,fairly,RB,59
1400,virtually,virtually,RB,59
249,Thus,thus,RB,58
215,Separately,separately,RB,57
174,Only,only,RB,57
606,extremely,extremely,RB,55
1330,twice,twice,RB,55
278,abroad,abroad,RB,55
309,all,all,RB,54
851,longer,longer,RB,54
841,likely,likely,RB,52
879,meanwhile,meanwhile,RB,52
124,Just,just,RB,51
781,initially,initially,RB,51
561,either,either,RB,51
270,Yet,yet,RB,50
549,easily,easily,RB,50
1099,rapidly,rapidly,RB,49
929,newly,newly,RB,49
813,jointly,jointly,RB,48
1285,temporarily,temporarily,RB,48
1000,overseas,overseas,RB,47
1067,privately,privately,RB,47
993,over,over,RB,47
766,indeed,indeed,RB,46
377,badly,badly,RB,45
567,elsewhere,elsewhere,RB,44
1047,possibly,possibly,RB,44
941,normally,normally,RB,44
884,merely,merely,RB,43
1332,ultimately,ultimately,RB,43
1210,somewhat,somewhat,RB,43
647,formerly,formerly,RB,42
663,frequently,frequently,RB,41
185,Perhaps,perhaps,RB,41
1251,strongly,strongly,RB,41
707,hard,hard,RB,40
593,exactly,exactly,RB,39
557,effectively,effectively,RB,39
157,Nevertheless,nevertheless,RB,38
1168,shortly,shortly,RB,37
876,maybe,maybe,RB,36
971,on,on,RB,36
173,Once,once,RB,36
577,entirely,entirely,RB,36
391,better,better,RB,35
628,financially,financially,RB,35
585,essentially,essentially,RB,34
141,Maybe,maybe,RB,34
347,approximately,approximately,RB,33
983,originally,originally,RB,32
340,apart,apart,RB,32
1048,potentially,potentially,RB,32
302,aggressively,aggressively,RB,32
378,barely,barely,RB,32
1288,tentatively,tentatively,RB,31
616,fast,fast,RB,31
709,hardly,hardly,RB,31
316,along,along,RB,30
1318,totally,totally,RB,30
1065,prior,prior,RB,30
986,otherwise,otherwise,RB,30
1236,steadily,steadily,RB,29
1261,suddenly,suddenly,RB,29
452,completely,completely,RB,29
897,modestly,modestly,RB,29
1272,surprisingly,surprisingly,RB,29
650,forward,forward,RB,28
920,necessarily,necessarily,RB,28
694,greatly,greatly,RB,28
542,due,due,RB,28
311,allegedly,allegedly,RB,27
1127,respectively,respectively,RB,27
1152,seasonally,seasonally,RB,27
1291,that,that,RB,26
82,First,first,RB,26
1163,seriously,seriously,RB,26
1125,reportedly,reportedly,RB,26
1162,separately,separately,RB,25
1296,therefore,therefore,RB,25
967,officially,officially,RB,25
464,considerably,considerably,RB,25
52,Currently,currently,RB,24
1124,repeatedly,repeatedly,RB,24
337,anyway,anyway,RB,24
465,consistently,consistently,RB,24
1005,p.m.,p.m.,RB,24
272,a.m,a.m,RB,24
21,Already,already,RB,24
1189,slowly,slowly,RB,23
4,About,about,RB,23
1321,traditionally,traditionally,RB,23
200,Rather,rather,RB,23
280,absolutely,absolutely,RB,23
31,As,as,RB,23
359,aside,aside,RB,23
417,carefully,carefully,RB,23
646,formally,formally,RB,22
1221,specifically,specifically,RB,22
379,basically,basically,RB,22
80,Finally,finally,RB,22
1372,unusually,unusually,RB,22
1100,rarely,rarely,RB,22
1306,through,through,RB,21
408,broadly,broadly,RB,21
1077,properly,properly,RB,21
1381,upward,upward,RB,21
338,anywhere,anywhere,RB,21
488,daily,daily,RB,21
1042,politically,politically,RB,21
229,Sometimes,sometimes,RB,20
828,lately,lately,RB,20
387,below,below,RB,20
948,notably,notably,RB,20
745,illegally,illegally,RB,20
1116,regularly,regularly,RB,20
273,a.m.,a.m.,RB,19
1093,quietly,quietly,RB,19
335,anymore,anymore,RB,19
961,obviously,obviously,RB,19
65,Elsewhere,elsewhere,RB,19
1327,truly,truly,RB,19
619,federally,federally,RB,19
1259,successfully,successfully,RB,19
155,Nearly,nearly,RB,19
500,deeply,deeply,RB,18
1167,short,short,RB,18
962,occasionally,occasionally,RB,18
467,constantly,constantly,RB,18
724,high,high,RB,18
1211,somewhere,somewhere,RB,18
530,double,double,RB,18
321,altogether,altogether,RB,17
149,Much,much,RB,17
219,Similarly,similarly,RB,17
192,Previously,previously,RB,17
34,Back,back,RB,17
286,actively,actively,RB,17
259,Unfortunately,unfortunately,RB,17
1107,reasonably,reasonably,RB,17
1156,seemingly,seemingly,RB,17
130,Later,later,RB,16
1043,poorly,poorly,RB,16
298,after,after,RB,16
1200,solely,solely,RB,16
826,last,last,RB,16
341,apiece,apiece,RB,16
1269,surely,surely,RB,16
939,nonetheless,nonetheless,RB,16
389,best,best,RB,16
689,gradually,gradually,RB,16
727,historically,historically,RB,16
364,automatically,automatically,RB,16
179,Otherwise,otherwise,RB,16
977,openly,openly,RB,15
1076,promptly,promptly,RB,15
580,equally,equally,RB,15
1217,south,south,RB,15
1022,perfectly,perfectly,RB,15
1294,thereafter,thereafter,RB,15
1114,regardless,regardless,RB,15
1268,sure,sure,RB,15
1027,personally,personally,RB,15
231,Soon,soon,RB,15
207,Right,right,RB,15
203,Recently,recently,RB,15
1351,unexpectedly,unexpectedly,RB,15
62,Early,early,RB,15
1164,severely,severely,RB,14
168,Obviously,obviously,RB,14
181,Overall,overall,RB,14
1435,yesterday,yesterday,RB,14
507,deliberately,deliberately,RB,14
503,definitely,definitely,RB,14
1176,simultaneously,simultaneously,RB,14
1208,sometime,sometime,RB,14
1207,somehow,somehow,RB,14
844,literally,literally,RB,14
896,moderately,moderately,RB,14
1140,routinely,routinely,RB,14
161,Nonetheless,nonetheless,RB,13
729,home,home,RB,13
597,exclusively,exclusively,RB,13
912,narrowly,narrowly,RB,13
915,naturally,naturally,RB,13
1275,swiftly,swiftly,RB,13
631,firmly,firmly,RB,13
128,Late,late,RB,13
1405,voluntarily,voluntarily,RB,13
70,Eventually,eventually,RB,13
1193,smoothly,smoothly,RB,12
1352,unfairly,unfairly,RB,12
662,freely,freely,RB,12
256,Typically,typically,RB,12
1257,subsequently,subsequently,RB,12
43,Clearly,clearly,RB,12
32,Aside,aside,RB,12
644,forever,forever,RB,12
1295,thereby,thereby,RB,12
1052,precisely,precisely,RB,12
217,Shortly,shortly,RB,12
307,alike,alike,RB,12
591,everywhere,everywhere,RB,12
1334,unanimously,unanimously,RB,11
1205,some,some,RB,11
1427,world-wide,world-wide,RB,11
1011,partially,partially,RB,11
538,dramatically,dramatically,RB,11
537,downward,downward,RB,11
1347,undoubtedly,undoubtedly,RB,11
384,behind,behind,RB,11
1262,sufficiently,sufficiently,RB,11
336,anytime,anytime,RB,11
942,north,north,RB,11
95,Generally,generally,RB,11
767,indefinitely,indefinitely,RB,11
913,nationally,nationally,RB,11
773,inevitably,inevitably,RB,11
1103,readily,readily,RB,11
867,marginally,marginally,RB,10
763,incorrectly,incorrectly,RB,10
18,Almost,almost,RB,10
156,Never,never,RB,10
798,internationally,internationally,RB,10
769,indirectly,indirectly,RB,10
448,commonly,commonly,RB,10
1421,wildly,wildly,RB,10
514,desperately,desperately,RB,10
94,Furthermore,furthermore,RB,10
623,fiercely,fiercely,RB,10
1266,supposedly,supposedly,RB,10
554,economically,economically,RB,10
998,overly,overly,RB,10
516,differently,differently,RB,10
245,There,there,RB,10
1177,since,since,RB,10
648,forth,forth,RB,10
1004,p.m,p.m,RB,10
1049,practically,practically,RB,9
194,Prior,prior,RB,9
471,continually,continually,RB,9
1243,straight,straight,RB,9
61,Earlier,earlier,RB,9
1355,unfortunately,unfortunately,RB,9
279,abruptly,abruptly,RB,9
420,cautiously,cautiously,RB,9
10,Actually,actually,RB,9
284,accurately,accurately,RB,9
395,bitterly,bitterly,RB,9
1220,specially,specially,RB,9
266,Well,well,RB,9
579,environmentally,environmentally,RB,9
28,Apparently,apparently,RB,9
752,improperly,improperly,RB,9
588,evenly,evenly,RB,9
931,next,next,RB,9
1371,unsuccessfully,unsuccessfully,RB,9
41,Certainly,certainly,RB,9
558,efficiently,efficiently,RB,9
671,fundamentally,fundamentally,RB,9
540,drastically,drastically,RB,9
93,Further,further,RB,9
122,Ironically,ironically,RB,8
857,low,low,RB,8
696,grossly,grossly,RB,8
1416,wholly,wholly,RB,8
1386,utterly,utterly,RB,8
718,hence,hence,RB,8
785,inside,inside,RB,8
1247,strictly,strictly,RB,8
926,nervously,nervously,RB,8
595,exceptionally,exceptionally,RB,8
528,domestically,domestically,RB,8
835,legally,legally,RB,8
160,No,no,RB,8
71,Ever,ever,RB,8
1206,someday,someday,RB,8
1398,vigorously,vigorously,RB,8
1059,presumably,presumably,RB,8
1174,similarly,similarly,RB,8
890,mildly,mildly,RB,8
252,Too,too,RB,8
277,above,above,RB,8
333,any,any,RB,8
1309,tight,tight,RB,8
289,adequately,adequately,RB,8
1038,plenty,plenty,RB,8
296,afloat,afloat,RB,8
299,afterward,afterward,RB,8
552,easy,easy,RB,7
184,Partly,partly,RB,7
678,genetically,genetically,RB,7
172,Often,often,RB,7
894,mistakenly,mistakenly,RB,7
428,cheaply,cheaply,RB,7
1071,profitably,profitably,RB,7
917,nearby,nearby,RB,7
354,artificially,artificially,RB,7
787,instantly,instantly,RB,7
1026,permanently,permanently,RB,7
902,moreover,moreover,RB,7
504,definitively,definitively,RB,7
928,nevertheless,nevertheless,RB,7
900,monthly,monthly,RB,7
854,lot,lot,RB,7
413,but,but,RB,7
911,namely,namely,RB,7
87,Fortunately,fortunately,RB,7
658,frantically,frantically,RB,7
1282,technically,technically,RB,7
1157,seldom,seldom,RB,6
700,half,half,RB,6
499,deep,deep,RB,6
982,ordinarily,ordinarily,RB,6
866,many,many,RB,6
1414,whatsoever,whatsoever,RB,6
847,locally,locally,RB,6
733,hopefully,hopefully,RB,6
679,gently,gently,RB,6
605,extraordinarily,extraordinarily,RB,6
794,intentionally,intentionally,RB,6
925,neither,neither,RB,6
569,emotionally,emotionally,RB,6
901,morally,morally,RB,6
563,electronically,electronically,RB,6
637,flat,flat,RB,6
1006,painfully,painfully,RB,6
67,Especially,especially,RB,6
919,neatly,neatly,RB,6
1310,tightly,tightly,RB,6
1287,tenfold,tenfold,RB,6
711,hastily,hastily,RB,6
1001,overtime,overtime,RB,6
852,loose,loose,RB,6
394,bit,bit,RB,6
1378,upside,upside,RB,6
238,Suddenly,suddenly,RB,6
656,fractionally,fractionally,RB,6
968,offshore,offshore,RB,6
954,nowhere,nowhere,RB,6
225,Some,some,RB,6
1104,real,real,RB,6
250,Together,together,RB,6
11,Additionally,additionally,RB,6
1072,profoundly,profoundly,RB,6
792,intensely,intensely,RB,6
132,Likewise,likewise,RB,6
1148,scarcely,scarcely,RB,6
1160,semiannually,semiannually,RB,5
1404,vividly,vividly,RB,5
1075,prominently,prominently,RB,5
916,near,near,RB,5
1122,remarkably,remarkably,RB,5
489,damn,damn,RB,5
1213,sooner,sooner,RB,5
241,Surely,surely,RB,5
48,Consequently,consequently,RB,5
1144,safely,safely,RB,5
536,downright,downright,RB,5
963,oddly,oddly,RB,5
842,likewise,likewise,RB,5
1128,responsibly,responsibly,RB,5
1018,past,past,RB,5
1402,visually,visually,RB,5
1034,plainly,plainly,RB,5
1409,way,way,RB,5
988,outright,outright,RB,5
731,honestly,honestly,RB,5
710,harshly,harshly,RB,5
1300,thinly,thinly,RB,5
88,Frankly,frankly,RB,5
445,comfortably,comfortably,RB,5
1390,vehemently,vehemently,RB,5
1053,predictably,predictably,RB,5
233,Specifically,specifically,RB,5
257,Ultimately,ultimately,RB,5
989,outside,outside,RB,5
882,mentally,mentally,RB,5
462,consequently,consequently,RB,5
1348,unduly,unduly,RB,5
1045,positively,positively,RB,5
618,favorably,favorably,RB,5
768,independently,independently,RB,5
802,invariably,invariably,RB,5
346,appropriately,appropriately,RB,4
820,kindly,kindly,RB,4
1360,universally,universally,RB,4
300,afterwards,afterwards,RB,4
603,expressly,expressly,RB,4
594,exceedingly,exceedingly,RB,4
1396,vice,vice,RB,4
914,nationwide,nationwide,RB,4
1030,physically,physically,RB,4
1365,unnecessarily,unnecessarily,RB,4
79,Far,far,RB,4
349,arbitrarily,arbitrarily,RB,4
153,Naturally,naturally,RB,4
1118,relentlessly,relentlessly,RB,4
1055,preferably,preferably,RB,4
1121,reluctantly,reluctantly,RB,4
1197,socially,socially,RB,4
812,jealously,jealously,RB,4
575,enthusiastically,enthusiastically,RB,4
45,Closely,closely,RB,4
1203,solidly,solidly,RB,4
943,northeast,northeast,RB,4
1179,single-handedly,single-handedly,RB,4
1289,terribly,terribly,RB,4
1434,yes,yes,RB,4
23,Alternatively,alternatively,RB,4
657,frankly,frankly,RB,4
102,Hence,hence,RB,4
414,by,by,RB,4
853,loosely,loosely,RB,4
479,counter,counter,RB,4
922,negatively,negatively,RB,4
976,open,open,RB,4
473,continuously,continuously,RB,4
16,Again,again,RB,4
687,gracefully,gracefully,RB,4
999,overnight,overnight,RB,4
1040,pointedly,pointedly,RB,4
1303,thoroughly,thoroughly,RB,4
254,Traditionally,traditionally,RB,4
412,busily,busily,RB,4
1085,purely,purely,RB,4
865,manually,manually,RB,4
432,chiefly,chiefly,RB,4
706,happily,happily,RB,4
868,markedly,markedly,RB,4
1153,second,second,RB,4
111,Increasingly,increasingly,RB,4
1254,stubbornly,stubbornly,RB,4
444,collectively,collectively,RB,4
1410,weekly,weekly,RB,4
705,handsomely,handsomely,RB,4
873,materially,materially,RB,4
1238,steeply,steeply,RB,4
1389,vastly,vastly,RB,4
840,lightly,lightly,RB,4
1315,tonight,tonight,RB,4
328,anew,anew,RB,4
293,adversely,adversely,RB,4
1098,randomly,randomly,RB,4
125,LATE,late,RB,4
1097,radically,radically,RB,4
750,importantly,importantly,RB,4
24,Altogether,altogether,RB,4
612,falsely,falsely,RB,4
1237,steady,steady,RB,4
1143,sadly,sadly,RB,4
1003,overwhelmingly,overwhelmingly,RB,4
436,clear,clear,RB,4
1234,staunchly,staunchly,RB,4
497,decidedly,decidedly,RB,4
995,overall,overall,RB,4
283,accordingly,accordingly,RB,4
1135,rightly,rightly,RB,4
404,briefly,briefly,RB,4
491,dangerously,dangerously,RB,4
1366,unofficially,unofficially,RB,3
950,notoriously,notoriously,RB,3
949,noticeably,noticeably,RB,3
1146,satisfactorily,satisfactorily,RB,3
778,informally,informally,RB,3
1064,principally,principally,RB,3
1324,tremendously,tremendously,RB,3
708,harder,harder,RB,3
1394,vertically,vertically,RB,3
770,individually,individually,RB,3
775,inexplicably,inexplicably,RB,3
247,Therefore,therefore,RB,3
661,free,free,RB,3
314,aloft,aloft,RB,3
1165,sexually,sexually,RB,3
1058,presently,presently,RB,3
6,Absolutely,absolutely,RB,3
1424,wisely,wisely,RB,3
1426,wonderfully,wonderfully,RB,3
1326,triple,triple,RB,3
744,ill,ill,RB,3
643,foremost,foremost,RB,3
642,forcefully,forcefully,RB,3
765,incredibly,incredibly,RB,3
686,good,good,RB,3
633,firsthand,firsthand,RB,3
737,hotly,hotly,RB,3
1158,selectively,selectively,RB,3
734,hopelessly,hopelessly,RB,3
1056,prematurely,prematurely,RB,3
1369,unrealistically,unrealistically,RB,3
932,nicely,nicely,RB,3
1154,secretly,secretly,RB,3
144,Meantime,meantime,RB,3
228,Sometime,sometime,RB,3
442,closer,closer,RB,3
202,Really,really,RB,3
438,cleverly,cleverly,RB,3
447,commercially,commercially,RB,3
545,eagerly,eagerly,RB,3
543,duly,duly,RB,3
450,comparatively,comparatively,RB,3
177,Ordinarily,ordinarily,RB,3
14,Afterward,afterward,RB,3
196,Probably,probably,RB,3
383,beforehand,beforehand,RB,3
1246,strenuously,strenuously,RB,3
1089,quarterly,quarterly,RB,3
1046,possible,possible,RB,3
1222,spectacularly,spectacularly,RB,3
8,Accordingly,accordingly,RB,3
1346,understandably,understandably,RB,3
475,coolly,coolly,RB,3
1225,spontaneously,spontaneously,RB,3
1096,racially,racially,RB,3
478,correctly,correctly,RB,3
190,Predictably,predictably,RB,3
68,Essentially,essentially,RB,3
291,admittedly,admittedly,RB,3
66,Equally,equally,RB,3
555,editorially,editorially,RB,3
1430,wrongly,wrongly,RB,3
1339,uncharacteristically,uncharacteristically,RB,3
570,emphatically,emphatically,RB,3
209,Roughly,roughly,RB,3
158,Newly,newly,RB,3
790,intellectually,intellectually,RB,3
152,NOW,now,RB,3
1054,predominantly,predominantly,RB,3
997,overhead,overhead,RB,3
1278,tacitly,tacitly,RB,3
953,nowadays,nowadays,RB,3
994,over-the-counter,over-the-counter,RB,3
1079,proudly,proudly,RB,3
800,intolerably,intolerably,RB,3
880,mechanically,mechanically,RB,3
602,explicitly,explicitly,RB,3
565,eloquently,eloquently,RB,3
358,ashore,ashore,RB,3
1264,summarily,summarily,RB,3
609,factually,factually,RB,3
1073,progressively,progressively,RB,3
410,brutally,brutally,RB,3
1025,periodically,periodically,RB,2
888,mightily,mightily,RB,2
1032,piecemeal,piecemeal,RB,2
739,hugely,hugely,RB,2
889,mighty,mighty,RB,2
877,meaningfully,meaningfully,RB,2
101,Hardly,hardly,RB,2
858,ludicrously,ludicrously,RB,2
736,horticulturally,horticulturally,RB,2
875,matter-of-factly,matter-of-factly,RB,2
1087,purposely,purposely,RB,2
275,aboard,aboard,RB,2
1078,prospectively,prospectively,RB,2
732,honorably,honorably,RB,2
869,marvelously,marvelously,RB,2
848,logically,logically,RB,2
1081,provocatively,provocatively,RB,2
1413,westward,westward,RB,2
1123,remotely,remotely,RB,2
292,adroitly,adroitly,RB,2
99,HERE,here,RB,2
1397,viciously,viciously,RB,2
1110,recklessly,recklessly,RB,2
808,irreparably,irreparably,RB,2
807,ironically,ironically,RB,2
1112,reflexively,reflexively,RB,2
909,mysteriously,mysteriously,RB,2
803,inversely,inversely,RB,2
1311,tirelessly,tirelessly,RB,2
723,hesitantly,hesitantly,RB,2
799,intimately,intimately,RB,2
747,immensely,immensely,RB,2
771,industrywide,industrywide,RB,2
264,Usually,usually,RB,2
797,internally,internally,RB,2
791,intelligently,intelligently,RB,2
265,Virtually,virtually,RB,2
774,inexorably,inexorably,RB,2
1119,reliably,reliably,RB,2
91,Fully,fully,RB,2
810,irresponsibly,irresponsibly,RB,2
85,Formally,formally,RB,2
907,multifamily,multifamily,RB,2
1399,violently,violently,RB,2
748,impassively,impassively,RB,2
749,implicitly,implicitly,RB,2
836,legitimately,legitimately,RB,2
780,inherently,inherently,RB,2
834,left,left,RB,2
97,Gradually,gradually,RB,2
831,lavishly,lavishly,RB,2
50,Conversely,conversely,RB,2
1024,perilously,perilously,RB,2
1403,vitally,vitally,RB,2
756,inaccurately,inaccurately,RB,2
76,Exactly,exactly,RB,2
1102,rationally,rationally,RB,2
819,kind,kind,RB,2
757,inadequately,inadequately,RB,2
759,inappropriately,inappropriately,RB,2
1418,wide,wide,RB,2
399,bluntly,bluntly,RB,2
244,Theoretically,theoretically,RB,2
320,alternatively,alternatively,RB,2
1343,undeniably,undeniably,RB,2
525,distinctively,distinctively,RB,2
524,disproportionately,disproportionately,RB,2
1218,sparingly,sparingly,RB,2
1219,sparsely,sparsely,RB,2
521,disappointingly,disappointingly,RB,2
371,awry,awry,RB,2
186,Periodically,periodically,RB,2
1028,persuasively,persuasively,RB,2
498,decisively,decisively,RB,2
513,derisively,derisively,RB,2
1224,splendidly,splendidly,RB,2
25,Always,always,RB,2
1228,squarely,squarely,RB,2
374,backward,backward,RB,2
502,defiantly,defiantly,RB,2
1231,statewide,statewide,RB,2
526,distinctly,distinctly,RB,2
183,Particularly,particularly,RB,2
370,awhile,awhile,RB,2
26,Anyway,anyway,RB,2
1039,plus,plus,RB,2
169,Occasionally,occasionally,RB,2
717,helplessly,helplessly,RB,2
170,Oddly,oddly,RB,2
550,east,east,RB,2
171,Officially,officially,RB,2
548,easier,easier,RB,2
1363,unlawfully,unlawfully,RB,2
544,dutifully,dutifully,RB,2
1428,wrong,wrong,RB,2
1342,uncritically,uncritically,RB,2
180,Out,out,RB,2
369,awfully,awfully,RB,2
1214,sorely,sorely,RB,2
964,of,of,RB,2
187,Personally,personally,RB,2
496,dearly,dearly,RB,2
230,Somewhere,somewhere,RB,2
205,Regrettably,regrettably,RB,2
12,Admittedly,admittedly,RB,2
1281,tastefully,tastefully,RB,2
213,Secondly,secondly,RB,2
434,chronically,chronically,RB,2
1002,overtly,overtly,RB,2
204,Regardless,regardless,RB,2
427,cheap,cheap,RB,2
421,ceaselessly,ceaselessly,RB,2
494,dead,dead,RB,2
418,casually,casually,RB,2
992,outwardly,outwardly,RB,2
407,briskly,briskly,RB,2
406,brilliantly,brilliantly,RB,2
398,blithely,blithely,RB,2
1273,surreptitiously,surreptitiously,RB,2
996,overboard,overboard,RB,2
13,After,after,RB,2
449,comparably,comparably,RB,2
984,ostensibly,ostensibly,RB,2
1250,strong,strong,RB,2
1235,steadfastly,steadfastly,RB,2
973,one-third,one-third,RB,2
189,Possibly,possibly,RB,2
486,customarily,customarily,RB,2
485,curtly,curtly,RB,2
481,critically,critically,RB,2
1345,underground,underground,RB,2
477,cooperatively,cooperatively,RB,2
1283,technologically,technologically,RB,2
468,constitutionally,constitutionally,RB,2
193,Primarily,primarily,RB,2
195,Privately,privately,RB,2
463,conservatively,conservatively,RB,2
461,congressionally,congressionally,RB,2
459,conditionally,conditionally,RB,2
559,effortlessly,effortlessly,RB,2
363,attractively,attractively,RB,2
167,ONCE,once,RB,2
639,flatly,flatly,RB,2
326,amok,amok,RB,2
672,furiously,furiously,RB,2
327,amply,amply,RB,2
668,full,full,RB,2
127,Largely,largely,RB,2
36,Basically,basically,RB,2
329,angrily,angrily,RB,2
659,fraudulently,fraudulently,RB,2
1171,sideways,sideways,RB,2
282,accidentally,accidentally,RB,2
35,Barely,barely,RB,2
166,Nowhere,nowhere,RB,2
135,Little,little,RB,2
400,boldly,boldly,RB,2
641,for,for,RB,2
674,furthermore,furthermore,RB,2
121,Invariably,invariably,RB,2
246,Thereafter,thereafter,RB,2
692,gravely,gravely,RB,2
108,Ideally,ideally,RB,2
1387,vaguely,vaguely,RB,2
1033,plain,plain,RB,2
1155,securely,securely,RB,2
933,night,night,RB,2
693,great,great,RB,2
691,gratuitously,gratuitously,RB,2
1380,upstream,upstream,RB,2
1382,urgently,urgently,RB,2
688,graciously,graciously,RB,2
685,globally,globally,RB,2
1159,semi-annually,semi-annually,RB,2
682,gingerly,gingerly,RB,2
39,Besides,besides,RB,2
640,fondly,fondly,RB,2
332,anxiously,anxiously,RB,2
638,flat-footed,flat-footed,RB,2
147,Morever,morever,RB,2
607,face-to-face,face-to-face,RB,2
148,Mostly,mostly,RB,2
1191,smack,smack,RB,2
1298,thereof,thereof,RB,2
1301,third,third,RB,2
596,excessively,excessively,RB,2
1297,therein,therein,RB,2
1364,unlikely,unlikely,RB,2
154,Nearby,nearby,RB,2
891,militarily,militarily,RB,2
352,arguably,arguably,RB,2
159,Next,next,RB,2
582,erratically,erratically,RB,2
162,Normally,normally,RB,2
164,Notably,notably,RB,2
29,Approximately,approximately,RB,2
956,numerically,numerically,RB,2
240,Sure,sure,RB,2
630,finely,finely,RB,2
611,faithfully,faithfully,RB,2
615,farther,farther,RB,2
951,notwithstanding,notwithstanding,RB,2
620,ferociously,ferociously,RB,2
622,fetchingly,fetchingly,RB,2
1057,present,present,RB,2
1184,skyward,skyward,RB,2
1063,primarly,primarly,RB,1
1433,yearly,yearly,RB,1
1029,philosophically,philosophically,RB,1
1425,with,with,RB,1
1422,willfully,willfully,RB,1
1074,prohibitively,prohibitively,RB,1
1037,pleadingly,pleadingly,RB,1
1051,precipitously,precipitously,RB,1
1423,willy-nilly,willy-nilly,RB,1
1050,precariously,precariously,RB,1
1420,wild,wild,RB,1
1437,yon,yon,RB,1
1041,politely,politely,RB,1
1069,procedurally,procedurally,RB,1
1429,wrongfully,wrongfully,RB,1
1070,professionally,professionally,RB,1
1066,private,private,RB,1
1036,plausibly,plausibly,RB,1
1035,plaintively,plaintively,RB,1
1031,picturesquely,picturesquely,RB,1
1432,year-end,year-end,RB,1
1417,wickedly,wickedly,RB,1
1431,wryly,wryly,RB,1
1044,popularly,popularly,RB,1
1319,touch,touch,RB,1
1415,whimsically,whimsically,RB,1
1255,studiously,studiously,RB,1
1245,strategically,strategically,RB,1
1248,strikingly,strikingly,RB,1
1249,stringently,stringently,RB,1
1252,structively,structively,RB,1
1357,unilaterally,unilaterally,RB,1
1253,structurally,structurally,RB,1
1356,uniformly,uniformly,RB,1
1080,provincially,provincially,RB,1
1256,stylishly,stylishly,RB,1
1354,unflaggingly,unflaggingly,RB,1
1260,successively,successively,RB,1
1263,suit,suit,RB,1
1265,superbly,superbly,RB,1
1353,unfavorably,unfavorably,RB,1
1244,strangely,strangely,RB,1
1242,stocks,stocks,RB,1
1358,unintentionally,unintentionally,RB,1
1240,sternly,sternly,RB,1
1239,stereotypically,stereotypically,RB,1
1359,uniquely,uniquely,RB,1
1233,statutorily,statutorily,RB,1
1232,statistically,statistically,RB,1
1230,squiggly,squiggly,RB,1
1229,squeaky,squeaky,RB,1
1227,square,square,RB,1
1226,sporadically,sporadically,RB,1
1223,spiritually,spiritually,RB,1
1216,sort,sort,RB,1
1215,sorry,sorry,RB,1
1361,unjustly,unjustly,RB,1
1362,unknowingly,unknowingly,RB,1
1267,supremely,supremely,RB,1
1270,surgically,surgically,RB,1
1271,surprise,surprise,RB,1
1299,thin,thin,RB,1
1317,topsy-turvy,topsy-turvy,RB,1
1320,tow,tow,RB,1
1314,tongue-in-cheek,tongue-in-cheek,RB,1
1322,tragically,tragically,RB,1
1323,transparently,transparently,RB,1
1312,today,today,RB,1
1325,trifle,trifle,RB,1
1308,tidily,tidily,RB,1
1328,truthfully,truthfully,RB,1
1329,turn,turn,RB,1
1333,unabatingly,unabatingly,RB,1
1305,threefold,threefold,RB,1
1302,this,this,RB,1
1335,unawares,unawares,RB,1
1336,unbearably,unbearably,RB,1
1274,sweepingly,sweepingly,RB,1
1337,uncannily,uncannily,RB,1
1338,unceremoniously,unceremoniously,RB,1
1340,unconditionally,unconditionally,RB,1
1290,thankfully,thankfully,RB,1
1341,unconstitutionally,unconstitutionally,RB,1
1286,tenaciously,tenaciously,RB,1
1344,under,under,RB,1
1284,tellingly,tellingly,RB,1
1280,tantalizingly,tantalizingly,RB,1
1349,unequivocally,unequivocally,RB,1
1279,tad,tad,RB,1
1350,unerringly,unerringly,RB,1
1277,systematically,systematically,RB,1
1276,symbolically,symbolically,RB,1
1204,solo,solo,RB,1
1202,solid,solid,RB,1
1201,solemnly,solemnly,RB,1
1113,refreshingly,refreshingly,RB,1
1139,roundly,roundly,RB,1
1137,robustly,robustly,RB,1
1136,rigorously,rigorously,RB,1
1391,verbally,verbally,RB,1
1392,verbatim,verbatim,RB,1
1133,richly,richly,RB,1
1132,rhythmically,rhythmically,RB,1
1131,revoltingly,revoltingly,RB,1
1130,reverse,reverse,RB,1
1129,retroactively,retroactively,RB,1
1393,versa,versa,RB,1
1126,resiliently,resiliently,RB,1
1120,religiously,religiously,RB,1
1115,regrettably,regrettably,RB,1
1111,recognizably,recognizably,RB,1
1388,variously,variously,RB,1
1108,reassuringly,reassuringly,RB,1
1401,visibly,visibly,RB,1
1105,realistically,realistically,RB,1
1406,waggishly,waggishly,RB,1
1094,quintuple,quintuple,RB,1
1407,warily,warily,RB,1
1408,warmly,warmly,RB,1
1091,quick,quick,RB,1
1090,queasily,queasily,RB,1
1088,quaintly,quaintly,RB,1
1086,purportedly,purportedly,RB,1
1083,psychologically,psychologically,RB,1
1082,prudently,prudently,RB,1
1412,west,west,RB,1
1141,ruefully,ruefully,RB,1
1142,running,running,RB,1
1199,softly,softly,RB,1
1180,singly,singly,RB,1
1198,socioeconomically,socioeconomically,RB,1
1195,sniggeringly,sniggeringly,RB,1
1194,snidely,snidely,RB,1
1192,smartly,smartly,RB,1
1190,slyly,slyly,RB,1
1188,slow,slow,RB,1
1367,unprecedentedly,unprecedentedly,RB,1
1186,slickly,slickly,RB,1
1368,unquestionably,unquestionably,RB,1
1185,slavishly,slavishly,RB,1
1183,sixth,sixth,RB,1
1182,sixfold,sixfold,RB,1
1370,unremittingly,unremittingly,RB,1
1181,six-fold,six-fold,RB,1
1178,sincerely,sincerely,RB,1
1145,sardonically,sardonically,RB,1
1373,unvaryingly,unvaryingly,RB,1
1374,unwittingly,unwittingly,RB,1
1173,silly,silly,RB,1
1170,side-by-side,side-by-side,RB,1
1169,shrewdly,shrewdly,RB,1
1377,upon,upon,RB,1
1379,upstairs,upstairs,RB,1
1161,semimonthly,semimonthly,RB,1
1383,uselessly,uselessly,RB,1
1384,usual,usual,RB,1
1151,scrupulously,scrupulously,RB,1
1150,scientifically,scientifically,RB,1
1149,scared,scared,RB,1
1147,savagely,savagely,RB,1
1376,uphill,uphill,RB,1
0,'til,'til,RB,1
1021,perennially,perennially,RB,1
345,appreciably,appreciably,RB,1
312,allgedly,allgedly,RB,1
317,aloud,aloud,RB,1
323,am,am,RB,1
324,amazingly,amazingly,RB,1
325,ambitiously,ambitiously,RB,1
331,anonymously,anonymously,RB,1
334,anyhow,anyhow,RB,1
339,aparently,aparently,RB,1
342,aplenty,aplenty,RB,1
343,apologetically,apologetically,RB,1
348,aptly,aptly,RB,1
308,alive,alive,RB,1
350,architecturally,architecturally,RB,1
351,ardently,ardently,RB,1
356,as-yet,as-yet,RB,1
357,aseptically,aseptically,RB,1
360,asleep,asleep,RB,1
361,assiduously,assiduously,RB,1
362,astray,astray,RB,1
365,avidly,avidly,RB,1
366,awake,awake,RB,1
367,awash,awash,RB,1
310,all-in-all,all-in-all,RB,1
306,alfresco,alfresco,RB,1
237,Subsequently,subsequently,RB,1
267,Widely,widely,RB,1
242,Surprisingly,surprisingly,RB,1
248,Thrice,thrice,RB,1
251,Tonight,tonight,RB,1
253,Totally,totally,RB,1
255,Twice,twice,RB,1
258,Understandably,understandably,RB,1
260,Unhappily,unhappily,RB,1
261,Unlikely,unlikely,RB,1
262,Unseasonably,unseasonably,RB,1
263,Up,up,RB,1
268,Wisely,wisely,RB,1
305,aimlessly,aimlessly,RB,1
269,Yes,yes,RB,1
271,Yuppily,yuppily,RB,1
274,aback,aback,RB,1
281,abundantly,abundantly,RB,1
285,across,across,RB,1
288,additionally,additionally,RB,1
290,admirably,admirably,RB,1
294,afield,afield,RB,1
295,afire,afire,RB,1
297,afoot,afoot,RB,1
373,backstage,backstage,RB,1
375,backwards,backwards,RB,1
376,bad,bad,RB,1
458,concurrently,concurrently,RB,1
435,cleanly,cleanly,RB,1
439,clinically,clinically,RB,1
443,coherently,coherently,RB,1
446,comically,comically,RB,1
451,competitively,competitively,RB,1
453,comprehensively,comprehensively,RB,1
454,con,con,RB,1
455,conceivably,conceivably,RB,1
456,conclusively,conclusively,RB,1
457,concomitantly,concomitantly,RB,1
460,confidently,confidently,RB,1
380,beautifully,beautifully,RB,1
466,conspicuously,conspicuously,RB,1
469,constructively,constructively,RB,1
470,continously,continously,RB,1
472,continuingly,continuingly,RB,1
474,conveniently,conveniently,RB,1
476,cooly,cooly,RB,1
480,covertly,covertly,RB,1
482,crucially,crucially,RB,1
483,cumulatively,cumulatively,RB,1
487,cynically,cynically,RB,1
433,chillingly,chillingly,RB,1
431,chemically,chemically,RB,1
430,cheerfully,cheerfully,RB,1
429,cheek-to-jowl,cheek-to-jowl,RB,1
385,belatedly,belatedly,RB,1
386,belly-up,belly-up,RB,1
388,beside,beside,RB,1
390,bet,bet,RB,1
392,between,between,RB,1
393,beyond,beyond,RB,1
396,blindly,blindly,RB,1
397,blinking,blinking,RB,1
401,boringly,boringly,RB,1
402,branch-by-branch,branch-by-branch,RB,1
403,breathlessly,breathlessly,RB,1
405,brightly,brightly,RB,1
409,broke,broke,RB,1
411,bullishly,bullishly,RB,1
415,calmly,calmly,RB,1
416,capriciously,capriciously,RB,1
419,categorically,categorically,RB,1
422,center,center,RB,1
423,centrally,centrally,RB,1
425,characteristically,characteristically,RB,1
426,charmingly,charmingly,RB,1
239,Supposedly,supposedly,RB,1
236,Strongly,strongly,RB,1
1020,peacefully,peacefully,RB,1
78,FIRST,first,RB,1
58,Double,double,RB,1
59,Down,down,RB,1
60,EST,est,RB,1
63,East,east,RB,1
64,Else,else,RB,1
72,Ever-more,ever-more,RB,1
73,Everytime,everytime,RB,1
74,Everywhere,everywhere,RB,1
75,Evidently,evidently,RB,1
77,FAR,far,RB,1
81,Financially,financially,RB,1
56,Desperately,desperately,RB,1
83,Fittingly,fittingly,RB,1
84,Foremost,foremost,RB,1
86,Formerly,formerly,RB,1
89,Free,free,RB,1
90,Frequently,frequently,RB,1
92,Fundamentally,fundamentally,RB,1
96,Gingerly,gingerly,RB,1
98,Greedily,greedily,RB,1
100,Hard,hard,RB,1
104,Hopefully,hopefully,RB,1
57,Domestically,domestically,RB,1
55,Deeply,deeply,RB,1
235,Strictly,strictly,RB,1
30,Arguably,arguably,RB,1
2,338-44,338-44,RB,1
3,84-6,84-6,RB,1
5,Abroad,abroad,RB,1
7,Academically,academically,RB,1
9,Actively,actively,RB,1
15,Afterwards,afterwards,RB,1
17,All,all,RB,1
19,Along,along,RB,1
20,Alongside,alongside,RB,1
27,Apart,apart,RB,1
33,Away,away,RB,1
54,Daily,daily,RB,1
37,Before,before,RB,1
38,Belatedly,belatedly,RB,1
40,By,by,RB,1
42,Characteristically,characteristically,RB,1
44,Close,close,RB,1
46,Collectively,collectively,RB,1
47,Conceivably,conceivably,RB,1
49,Consistently,consistently,RB,1
51,Curiously,curiously,RB,1
53,Customarily,customarily,RB,1
106,Hugely,hugely,RB,1
107,INTERBANK,interbank,RB,1
109,Immediately,immediately,RB,1
211,Seasonally,seasonally,RB,1
182,Overseas,overseas,RB,1
188,Politically,politically,RB,1
191,Presumably,presumably,RB,1
197,Publicly,publicly,RB,1
198,Quick,quick,RB,1
199,Quite,quite,RB,1
201,Real,real,RB,1
206,Relatively,relatively,RB,1
208,Rightly,rightly,RB,1
210,Sadly,sadly,RB,1
212,Second,second,RB,1
110,In,in,RB,1
214,Seldom,seldom,RB,1
216,Sharply,sharply,RB,1
218,Significantly,significantly,RB,1
220,Simply,simply,RB,1
221,Simultaneously,simultaneously,RB,1
222,Slightly,slightly,RB,1
224,Softly,softly,RB,1
226,Someday,someday,RB,1
227,Somehow,somehow,RB,1
232,Specially,specially,RB,1
178,Originally,originally,RB,1
176,Operationally,operationally,RB,1
175,Onstage,onstage,RB,1
151,NO,no,RB,1
112,Incrementally,incrementally,RB,1
114,Industrywide,industrywide,RB,1
115,Inexplicably,inexplicably,RB,1
116,Initially,initially,RB,1
117,Inland,inland,RB,1
118,Insofar,insofar,RB,1
120,Interestingly,interestingly,RB,1
123,JUST,just,RB,1
126,LOW,low,RB,1
129,Lately,lately,RB,1
131,Likely,likely,RB,1
133,Lilly,lilly,RB,1
134,Literally,literally,RB,1
136,Locally,locally,RB,1
137,Long,long,RB,1
138,MORE,more,RB,1
139,Mainly,mainly,RB,1
140,Many,many,RB,1
142,Mayhap,mayhap,RB,1
143,McNally,mcnally,RB,1
150,N'T,not,RB,1
490,damned,damned,RB,1
492,darkly,darkly,RB,1
493,darned,darned,RB,1
846,live,live,RB,1
822,lackluster,lackluster,RB,1
823,large,large,RB,1
825,lasciviously,lasciviously,RB,1
830,laughingly,laughingly,RB,1
832,lawfully,lawfully,RB,1
833,lazily,lazily,RB,1
837,leisurely,leisurely,RB,1
838,less,less,RB,1
839,lightheartedly,lightheartedly,RB,1
843,limply,limply,RB,1
850,long-term,long-term,RB,1
818,keenly,keenly,RB,1
855,loud,loud,RB,1
856,loudly,loudly,RB,1
859,lustily,lustily,RB,1
860,maddeningly,maddeningly,RB,1
861,madly,madly,RB,1
862,magisterially,magisterially,RB,1
863,magnetically,magnetically,RB,1
870,mass,mass,RB,1
871,massively,massively,RB,1
872,masterfully,masterfully,RB,1
821,laboriously,laboriously,RB,1
816,judiciously,judiciously,RB,1
495,dear,dear,RB,1
786,insofar,insofar,RB,1
760,inasmuch,inasmuch,RB,1
761,incessantly,incessantly,RB,1
762,incompetently,incompetently,RB,1
772,ineffably,ineffably,RB,1
776,inextricably,inextricably,RB,1
777,infinitely,infinitely,RB,1
779,ingeniously,ingeniously,RB,1
782,inland,inland,RB,1
783,innately,innately,RB,1
784,innocently,innocently,RB,1
789,instinctively,instinctively,RB,1
815,judicially,judicially,RB,1
793,intensively,intensively,RB,1
795,interbank,interbank,RB,1
796,interestingly,interestingly,RB,1
801,intriguingly,intriguingly,RB,1
804,involuntarily,involuntarily,RB,1
805,inward,inward,RB,1
806,inwardly,inwardly,RB,1
809,irrespective,irrespective,RB,1
811,jauntily,jauntily,RB,1
814,jokingly,jokingly,RB,1
874,mathematically,mathematically,RB,1
878,meantime,meantime,RB,1
881,medically,medically,RB,1
985,ostentatiously,ostentatiously,RB,1
958,obediently,obediently,RB,1
959,objectively,objectively,RB,1
960,obliquely,obliquely,RB,1
966,offhandedly,offhandedly,RB,1
970,ominously,ominously,RB,1
975,onstage,onstage,RB,1
978,operationally,operationally,RB,1
979,optically,optically,RB,1
980,optimistically,optimistically,RB,1
981,orderly,orderly,RB,1
990,outstandingly,outstandingly,RB,1
883,mercifully,mercifully,RB,1
991,outward,outward,RB,1
1007,painstakingly,painstakingly,RB,1
1008,paleontologically,paleontologically,RB,1
1009,parallel,parallel,RB,1
1010,part-time,part-time,RB,1
1012,particular,particular,RB,1
1015,passably,passably,RB,1
1016,passionately,passionately,RB,1
1017,passively,passively,RB,1
1019,pathologically,pathologically,RB,1
957,o'clock,o'clock,RB,1
955,nt,nt,RB,1
947,not-so-subtly,not-so-subtly,RB,1
945,northwest,northwest,RB,1
885,merrily,merrily,RB,1
886,methodically,methodically,RB,1
887,mid-afternoon,mid-afternoon,RB,1
892,miserably,miserably,RB,1
893,misleadingly,misleadingly,RB,1
895,mockingly,mockingly,RB,1
898,molecularly,molecularly,RB,1
899,momentarily,momentarily,RB,1
903,most,most,RB,1
905,movingly,movingly,RB,1
908,mutually,mutually,RB,1
921,needlessly,needlessly,RB,1
923,negligently,negligently,RB,1
924,negligibly,negligibly,RB,1
930,newsweekly,newsweekly,RB,1
934,nightly,nightly,RB,1
935,ninefold,ninefold,RB,1
937,nominally,nominally,RB,1
938,noncompetitively,noncompetitively,RB,1
940,normal,normal,RB,1
944,northward,northward,RB,1
758,inadvertently,inadvertently,RB,1
755,in-house,in-house,RB,1
753,impulsively,impulsively,RB,1
583,erroneously,erroneously,RB,1
560,egregiously,egregiously,RB,1
562,electrically,electrically,RB,1
564,elegantly,elegantly,RB,1
568,embarrassingly,embarrassingly,RB,1
571,encouragingly,encouragingly,RB,1
572,endlessly,endlessly,RB,1
573,enormously,enormously,RB,1
576,enticingly,enticingly,RB,1
578,enviably,enviably,RB,1
581,equitably,equitably,RB,1
586,ethnically,ethnically,RB,1
625,fifth,fifth,RB,1
592,evidently,evidently,RB,1
598,excrutiatingly,excrutiatingly,RB,1
599,expeditiously,expeditiously,RB,1
600,expensive,expensive,RB,1
601,experimentally,experimentally,RB,1
604,extensively,extensively,RB,1
608,facetiously,facetiously,RB,1
613,famously,famously,RB,1
617,faultlessly,faultlessly,RB,1
621,fervently,fervently,RB,1
556,eerily,eerily,RB,1
553,ecologically,ecologically,RB,1
551,eastward,eastward,RB,1
541,dubiously,dubiously,RB,1
501,defensively,defensively,RB,1
505,deftly,deftly,RB,1
506,delectably,delectably,RB,1
508,delicately,delicately,RB,1
509,delightfully,delightfully,RB,1
510,deliriously,deliriously,RB,1
511,democratically,democratically,RB,1
512,demographically,demographically,RB,1
515,devastatingly,devastatingly,RB,1
517,dimly,dimly,RB,1
518,diplomatically,diplomatically,RB,1
519,direct,direct,RB,1
522,discreetly,discreetly,RB,1
523,dishonestly,dishonestly,RB,1
527,distressingly,distressingly,RB,1
529,done,done,RB,1
531,doubly,doubly,RB,1
532,doubt,doubt,RB,1
533,doubtless,doubtless,RB,1
535,downhill,downhill,RB,1
539,drastic,drastic,RB,1
624,fifteenfold,fifteenfold,RB,1
626,figuratively,figuratively,RB,1
751,impressively,impressively,RB,1
1,12-2,12-2,RB,1
698,guardedly,guardedly,RB,1
699,guilty,guilty,RB,1
701,halfheartedly,halfheartedly,RB,1
702,haltingly,haltingly,RB,1
703,hand,hand,RB,1
704,handily,handily,RB,1
712,head-to-head,head-to-head,RB,1
713,headlong,headlong,RB,1
714,heart,heart,RB,1
715,heartwarmingly,heartwarmingly,RB,1
720,hereabouts,hereabouts,RB,1
629,fine,fine,RB,1
721,hereafter,hereafter,RB,1
722,heretofore,heretofore,RB,1
725,highest,highest,RB,1
728,hither,hither,RB,1
730,homologous,homologous,RB,1
735,horizontally,horizontally,RB,1
740,hurriedly,hurriedly,RB,1
741,hydraulically,hydraulically,RB,1
742,hysterically,hysterically,RB,1
743,ignominiously,ignominiously,RB,1
697,grudgingly,grudgingly,RB,1
695,grimly,grimly,RB,1
690,grandly,grandly,RB,1
684,gleefully,gleefully,RB,1
634,fish,fish,RB,1
635,fist,fist,RB,1
636,fivefold,fivefold,RB,1
645,forlornly,forlornly,RB,1
649,forthrightly,forthrightly,RB,1
651,forwards,forwards,RB,1
652,four-fold,four-fold,RB,1
653,four-for-one,four-for-one,RB,1
654,four-to-one,four-to-one,RB,1
655,fourth,fourth,RB,1
660,freakishly,freakishly,RB,1
664,freshly,freshly,RB,1
665,frighteningly,frighteningly,RB,1
666,fro,fro,RB,1
667,front,front,RB,1
669,full-time,full-time,RB,1
676,generically,generically,RB,1
677,generously,generously,RB,1
680,genuinely,genuinely,RB,1
681,geologically,geologically,RB,1
683,glaringly,glaringly,RB,1
1438,zestfully,zestfully,RB,1
