"","WORD","LEMMA","XPOS"
"1","'d","have","VBD"
"2","abandoned","abandon","VBD"
"3","abandoned","abandon","VBN"
"4","abated","abate","VBD"
"5","abated","abate","VBN"
"6","abolished","abolish","VBD"
"7","abolished","abolish","VBN"
"8","aborted","abort","VBN"
"9","absorbed","absorb","VBD"
"10","absorbed","absorb","VBN"
"11","abstained","abstain","VBD"
"12","abused","abuse","VBD"
"13","abused","abuse","VBN"
"14","accelerated","accelerate","VBD"
"15","accelerated","accelerate","VBN"
"16","accepted","accept","VBD"
"17","accepted","accept","VBN"
"18","accommodated","accommodate","VBN"
"19","accompanied","accompany","VBD"
"20","accompanied","accompany","VBN"
"21","accomplished","accomplish","VBN"
"22","accounted","account","VBD"
"23","accounted","account","VBN"
"24","accrued","accrue","VBN"
"25","accumulated","accumulate","VBN"
"26","accused","accuse","VBD"
"27","accused","accuse","VBN"
"28","accustomed","accustom","VBN"
"29","achieved","achieve","VBD"
"30","achieved","achieve","VBN"
"31","acknowledged","acknowledge","VBD"
"32","acknowledged","acknowledge","VBN"
"33","acquired","acquire","VBD"
"34","acquired","acquire","VBN"
"35","acquitted","acquit","VBN"
"36","acted","act","VBD"
"37","acted","act","VBN"
"38","activated","activate","VBN"
"39","adapted","adapt","VBD"
"40","adapted","adapt","VBN"
"41","added","add","VBD"
"42","added","add","VBN"
"43","addicted","addict","VBN"
"44","addressed","address","VBD"
"45","addressed","address","VBN"
"46","adjusted","adjust","VBD"
"47","adjusted","adjust","VBN"
"48","administered","administer","VBN"
"49","admitted","admit","VBD"
"50","admitted","admit","VBN"
"51","adopted","adopt","VBD"
"52","adopted","adopt","VBN"
"53","adorned","adorn","VBD"
"54","adorned","adorn","VBN"
"55","advanced","advance","VBD"
"56","advanced","advance","VBN"
"57","advertised","advertise","VBD"
"58","advertised","advertise","VBN"
"59","advised","advise","VBD"
"60","advised","advise","VBN"
"61","advocated","advocate","VBD"
"62","advocated","advocate","VBN"
"63","affected","affect","VBD"
"64","affected","affect","VBN"
"65","affiliated","affiliate","VBN"
"66","affirmed","affirm","VBD"
"67","afforded","afford","VBN"
"68","aged","age","VBN"
"69","aggravated","aggravate","VBD"
"70","aggravated","aggravate","VBN"
"71","agreed","agree","VBD"
"72","agreed","agree","VBN"
"73","aided","aid","VBD"
"74","aided","aid","VBN"
"75","aimed","aim","VBD"
"76","aimed","aim","VBN"
"77","aired","air","VBD"
"78","aired","air","VBN"
"79","alarmed","alarm","VBN"
"80","alerted","alert","VBD"
"81","aligned","align","VBN"
"82","alleged","allege","VBD"
"83","alleged","allege","VBN"
"84","allocated","allocate","VBD"
"85","allocated","allocate","VBN"
"86","allowed","allow","VBD"
"87","allowed","allow","VBN"
"88","alluded","allude","VBD"
"89","altered","alter","VBD"
"90","altered","alter","VBN"
"91","amassed","amass","VBD"
"92","amassed","amass","VBN"
"93","amazed","amaze","VBN"
"94","ambushed","ambush","VBD"
"95","amended","amend","VBD"
"96","amended","amend","VBN"
"97","amounted","amount","VBD"
"98","amounted","amount","VBN"
"99","amplified","amplify","VBN"
"100","analyzed","analyze","VBD"
"101","analyzed","analyze","VBN"
"102","angered","anger","VBD"
"103","angered","anger","VBN"
"104","announced","announce","VBD"
"105","announced","announce","VBN"
"106","annoyed","annoy","VBD"
"107","annoyed","annoy","VBN"
"108","annualized","annualize","VBN"
"109","answered","answer","VBD"
"110","answered","answer","VBN"
"111","anticipated","anticipate","VBD"
"112","anticipated","anticipate","VBN"
"113","appalled","appal","VBN"
"114","appealed","appeal","VBD"
"115","appealed","appeal","VBN"
"116","appeared","appear","VBD"
"117","appeared","appear","VBN"
"118","appended","append","VBN"
"119","applauded","applaud","VBD"
"120","applied","apply","VBD"
"121","applied","apply","VBN"
"122","appointed","appoint","VBD"
"123","appointed","appoint","VBN"
"124","appreciated","appreciate","VBD"
"125","appreciated","appreciate","VBN"
"126","approached","approach","VBD"
"127","approached","approach","VBN"
"128","appropriated","appropriate","VBD"
"129","appropriated","appropriate","VBN"
"130","approved","approve","VBD"
"131","approved","approve","VBN"
"132","arched","arch","VBD"
"133","argued","argue","VBD"
"134","argued","argue","VBN"
"135","arisen","arise","VBN"
"136","armed","arm","VBN"
"137","arose","arise","VBD"
"138","aroused","arouse","VBD"
"139","aroused","arouse","VBN"
"140","arranged","arrange","VBD"
"141","arranged","arrange","VBN"
"142","arrested","arrest","VBN"
"143","arrived","arrive","VBD"
"144","arrived","arrive","VBN"
"145","asked","ask","VBD"
"146","asked","ask","VBN"
"147","assailed","assail","VBD"
"148","assailed","assail","VBN"
"149","assembled","assemble","VBD"
"150","assembled","assemble","VBN"
"151","asserted","assert","VBD"
"152","asserted","assert","VBN"
"153","assessed","assess","VBD"
"154","assessed","assess","VBN"
"155","assigned","assign","VBN"
"156","assisted","assist","VBN"
"157","associated","associate","VBN"
"158","assumed","assume","VBD"
"159","assumed","assume","VBN"
"160","assured","assure","VBD"
"161","assured","assure","VBN"
"162","ate","eat","VBD"
"163","attached","attach","VBD"
"164","attached","attach","VBN"
"165","attacked","attack","VBD"
"166","attacked","attack","VBN"
"167","attempted","attempt","VBD"
"168","attempted","attempt","VBN"
"169","attended","attend","VBD"
"170","attended","attend","VBN"
"171","attracted","attract","VBD"
"172","attracted","attract","VBN"
"173","attributed","attribute","VBD"
"174","attributed","attribute","VBN"
"175","auctioned","auction","VBD"
"176","auctioned","auction","VBN"
"177","audited","audit","VBD"
"178","audited","audit","VBN"
"179","authorized","authorize","VBD"
"180","authorized","authorize","VBN"
"181","autographed","autograph","VBN"
"182","automated","automate","VBN"
"183","averaged","average","VBD"
"184","averaged","average","VBN"
"185","avoided","avoid","VBD"
"186","avoided","avoid","VBN"
"187","awaited","await","VBD"
"188","awarded","award","VBD"
"189","awarded","award","VBN"
"190","backed","back","VBD"
"191","backed","back","VBN"
"192","backfired","backfire","VBD"
"193","backfired","backfire","VBN"
"194","bailed","bail","VBD"
"195","balanced","balance","VBN"
"196","balked","balk","VBD"
"197","ballooned","balloon","VBD"
"198","ballooned","balloon","VBN"
"199","banished","banish","VBN"
"200","banned","ban","VBD"
"201","banned","ban","VBN"
"202","barred","bar","VBD"
"203","barred","bar","VBN"
"204","based","base","VBD"
"205","based","base","VBN"
"206","battered","batter","VBD"
"207","battered","batter","VBN"
"208","battled","battle","VBD"
"209","battled","battle","VBN"
"210","beat","beat","VBD"
"211","beaten","beat","VBN"
"212","became","become","VBD"
"213","become","become","VBD"
"214","become","become","VBN"
"215","beefed","beef","VBD"
"216","beefed","beef","VBN"
"217","been","be","VBN"
"218","began","begin","VBD"
"219","begun","begin","VBN"
"220","behaved","behave","VBD"
"221","behaved","behave","VBN"
"222","beleaguered","beleaguer","VBN"
"223","believed","believe","VBD"
"224","believed","believe","VBN"
"225","belonged","belong","VBD"
"226","benefited","benefit","VBD"
"227","benefited","benefit","VBN"
"228","beset","beset","VBN"
"229","besieged","besiege","VBN"
"230","bested","best","VBD"
"231","bested","best","VBN"
"232","bestowed","bestow","VBN"
"233","bet","bet","VBD"
"234","bet","bet","VBN"
"235","bid","bid","VBD"
"236","bid","bid","VBN"
"237","billed","bill","VBD"
"238","billed","bill","VBN"
"239","blackened","blacken","VBN"
"240","blamed","blame","VBD"
"241","blamed","blame","VBN"
"242","blasted","blast","VBD"
"243","blessed","bless","VBN"
"244","blew","blow","VBD"
"245","blocked","block","VBD"
"246","blocked","block","VBN"
"247","blossomed","blossom","VBD"
"248","blossomed","blossom","VBN"
"249","blown","blow","VBN"
"250","blundered","blunder","VBD"
"251","blunted","blunt","VBD"
"252","blunted","blunt","VBN"
"253","boasted","boast","VBD"
"254","boasted","boast","VBN"
"255","bogged","bog","VBD"
"256","bolstered","bolster","VBD"
"257","bolstered","bolster","VBN"
"258","bolted","bolt","VBN"
"259","bombarded","bombard","VBD"
"260","bombarded","bombard","VBN"
"261","bombed","bomb","VBD"
"262","bombed","bomb","VBN"
"263","booked","book","VBD"
"264","booked","book","VBN"
"265","boomed","boom","VBD"
"266","boomed","boom","VBN"
"267","boosted","boost","VBD"
"268","boosted","boost","VBN"
"269","bore","bear","VBD"
"270","bored","bore","VBN"
"271","born","bear","VBN"
"272","borne","bear","VBN"
"273","borrowed","borrow","VBD"
"274","borrowed","borrow","VBN"
"275","botched","botch","VBN"
"276","bothered","bother","VBD"
"277","bothered","bother","VBN"
"278","bottled","bottle","VBN"
"279","bottomed","bottom","VBD"
"280","bottomed","bottom","VBN"
"281","bought","buy","VBD"
"282","bought","buy","VBN"
"283","bounced","bounce","VBD"
"284","bound","bind","VBN"
"285","bowed","bow","VBD"
"286","braced","brace","VBD"
"287","braced","brace","VBN"
"288","breached","breach","VBD"
"289","breached","breach","VBN"
"290","breathed","breathe","VBD"
"291","bred","breed","VBD"
"292","bred","breed","VBN"
"293","bribed","bribe","VBD"
"294","bribed","bribe","VBN"
"295","broadcast","broadcast","VBD"
"296","broadcast","broadcast","VBN"
"297","broadened","broaden","VBD"
"298","broadened","broaden","VBN"
"299","broke","break","VBD"
"300","broken","break","VBN"
"301","brought","bring","VBD"
"302","brought","bring","VBN"
"303","brushed","brush","VBD"
"304","brushed","brush","VBN"
"305","bucked","buck","VBD"
"306","bucked","buck","VBN"
"307","buckled","buckle","VBD"
"308","budged","budge","VBD"
"309","budged","budge","VBN"
"310","budgeted","budget","VBN"
"311","buffeted","buffet","VBN"
"312","build","build","VBN"
"313","built","build","VBD"
"314","built","build","VBN"
"315","bumped","bump","VBD"
"316","bumped","bump","VBN"
"317","bundled","bundle","VBN"
"318","buoyed","buoy","VBD"
"319","buoyed","buoy","VBN"
"320","burdened","burden","VBD"
"321","burdened","burden","VBN"
"322","buried","bury","VBD"
"323","buried","bury","VBN"
"324","burned","burn","VBD"
"325","burned","burn","VBN"
"326","burnt","burn","VBN"
"327","burst","burst","VBD"
"328","busted","bust","VBD"
"329","busted","bust","VBN"
"330","buttressed","buttress","VBN"
"331","calculated","calculate","VBD"
"332","calculated","calculate","VBN"
"333","called","call","VBD"
"334","called","call","VBN"
"335","came","come","VBD"
"336","canceled","cancel","VBD"
"337","canceled","cancel","VBN"
"338","canned","can","VBN"
"339","capitalized","capitalize","VBD"
"340","capitalized","capitalize","VBN"
"341","capped","cap","VBD"
"342","capped","cap","VBN"
"343","captured","capture","VBD"
"344","captured","capture","VBN"
"345","cared","care","VBD"
"346","cared","care","VBN"
"347","carried","carry","VBD"
"348","carried","carry","VBN"
"349","carved","carve","VBD"
"350","carved","carve","VBN"
"351","cashed","cash","VBD"
"352","cashed","cash","VBN"
"353","cast","cast","VBD"
"354","cast","cast","VBN"
"355","categorized","categorize","VBN"
"356","caught","catch","VBD"
"357","caught","catch","VBN"
"358","caused","cause","VBD"
"359","caused","cause","VBN"
"360","cautioned","caution","VBD"
"361","caved","cave","VBD"
"362","ceased","cease","VBD"
"363","ceased","cease","VBN"
"364","ceded","cede","VBD"
"365","ceded","cede","VBN"
"366","celebrated","celebrate","VBD"
"367","censored","censor","VBN"
"368","centered","center","VBD"
"369","centered","center","VBN"
"370","certified","certify","VBN"
"371","chaired","chair","VBD"
"372","chaired","chair","VBN"
"373","challenged","challenge","VBD"
"374","challenged","challenge","VBN"
"375","championed","champion","VBD"
"376","championed","champion","VBN"
"377","changed","change","VBD"
"378","changed","change","VBN"
"379","chanted","chant","VBD"
"380","chanted","chant","VBN"
"381","characterized","characterize","VBD"
"382","characterized","characterize","VBN"
"383","charged","charge","VBD"
"384","charged","charge","VBN"
"385","chartered","charter","VBD"
"386","chartered","charter","VBN"
"387","cheated","cheat","VBD"
"388","checked","check","VBD"
"389","checked","check","VBN"
"390","cheered","cheer","VBD"
"391","cheered","cheer","VBN"
"392","cherished","cherish","VBN"
"393","chided","chide","VBD"
"394","chided","chide","VBN"
"395","choked","choke","VBD"
"396","choked","choke","VBN"
"397","chose","choose","VBD"
"398","chosen","choose","VBN"
"399","circulated","circulate","VBD"
"400","circulated","circulate","VBN"
"401","cited","cite","VBD"
"402","cited","cite","VBN"
"403","clad","clothe","VBN"
"404","claimed","claim","VBD"
"405","claimed","claim","VBN"
"406","clashed","clash","VBD"
"407","clashed","clash","VBN"
"408","classified","classify","VBD"
"409","classified","classify","VBN"
"410","cleaned","clean","VBD"
"411","cleaned","clean","VBN"
"412","cleared","clear","VBD"
"413","cleared","clear","VBN"
"414","climbed","climb","VBD"
"415","climbed","climb","VBN"
"416","clobbered","clobber","VBD"
"417","clobbered","clobber","VBN"
"418","clogged","clog","VBN"
"419","closed","close","VBD"
"420","closed","close","VBN"
"421","clouded","cloud","VBN"
"422","clustered","cluster","VBN"
"423","co-founded","co-found","VBD"
"424","co-sponsored","co-sponsor","VBN"
"425","coated","coat","VBN"
"426","collaborated","collaborate","VBD"
"427","collapsed","collapse","VBD"
"428","collapsed","collapse","VBN"
"429","collateralized","collateralize","VBN"
"430","collected","collect","VBD"
"431","collected","collect","VBN"
"432","colored","color","VBN"
"433","combined","combine","VBD"
"434","combined","combine","VBN"
"435","come","come","VBD"
"436","come","come","VBN"
"437","commented","comment","VBD"
"438","commissioned","commission","VBD"
"439","commissioned","commission","VBN"
"440","committed","commit","VBD"
"441","committed","commit","VBN"
"442","compacted","compact","VBN"
"443","compared","compare","VBD"
"444","compared","compare","VBN"
"445","compelled","compel","VBN"
"446","compiled","compile","VBN"
"447","complained","complain","VBD"
"448","complained","complain","VBN"
"449","completed","complete","VBD"
"450","completed","complete","VBN"
"451","complicated","complicate","VBD"
"452","complicated","complicate","VBN"
"453","complied","comply","VBD"
"454","complied","comply","VBN"
"455","composed","compose","VBN"
"456","compounded","compound","VBD"
"457","compounded","compound","VBN"
"458","compromised","compromise","VBN"
"459","computerized","computerize","VBN"
"460","conceded","concede","VBD"
"461","conceded","concede","VBN"
"462","conceived","conceive","VBD"
"463","conceived","conceive","VBN"
"464","concentrated","concentrate","VBD"
"465","concentrated","concentrate","VBN"
"466","concerned","concern","VBD"
"467","concerned","concern","VBN"
"468","concluded","conclude","VBD"
"469","concluded","conclude","VBN"
"470","concocted","concoct","VBN"
"471","concurred","concur","VBD"
"472","condemned","condemn","VBD"
"473","condemned","condemn","VBN"
"474","conditioned","condition","VBN"
"475","conducted","conduct","VBD"
"476","conducted","conduct","VBN"
"477","confessed","confess","VBD"
"478","confessed","confess","VBN"
"479","confided","confide","VBD"
"480","confined","confine","VBN"
"481","confirmed","confirm","VBD"
"482","confirmed","confirm","VBN"
"483","confiscated","confiscate","VBD"
"484","confiscated","confiscate","VBN"
"485","confronted","confront","VBN"
"486","confused","confuse","VBD"
"487","confused","confuse","VBN"
"488","congratulated","congratulate","VBD"
"489","congratulated","congratulate","VBN"
"490","connected","connect","VBN"
"491","considered","consider","VBD"
"492","considered","consider","VBN"
"493","consisted","consist","VBD"
"494","consisted","consist","VBN"
"495","consolidated","consolidate","VBD"
"496","consolidated","consolidate","VBN"
"497","conspired","conspire","VBD"
"498","constituted","constitute","VBD"
"499","constrained","constrain","VBN"
"500","constructed","construct","VBN"
"501","construed","construe","VBD"
"502","construed","construe","VBN"
"503","consulted","consult","VBN"
"504","consumed","consume","VBD"
"505","consumed","consume","VBN"
"506","consummated","consummate","VBN"
"507","contacted","contact","VBD"
"508","contacted","contact","VBN"
"509","contained","contain","VBD"
"510","contained","contain","VBN"
"511","contaminated","contaminate","VBN"
"512","contemplated","contemplate","VBD"
"513","contemplated","contemplate","VBN"
"514","contended","contend","VBD"
"515","contended","contend","VBN"
"516","contested","contest","VBD"
"517","contested","contest","VBN"
"518","continued","continue","VBD"
"519","continued","continue","VBN"
"520","contracted","contract","VBD"
"521","contracted","contract","VBN"
"522","contrasted","contrast","VBD"
"523","contrasted","contrast","VBN"
"524","contributed","contribute","VBD"
"525","contributed","contribute","VBN"
"526","controlled","control","VBD"
"527","controlled","control","VBN"
"528","convened","convene","VBD"
"529","convened","convene","VBN"
"530","converted","convert","VBD"
"531","converted","convert","VBN"
"532","conveyed","convey","VBD"
"533","convicted","convict","VBD"
"534","convicted","convict","VBN"
"535","convinced","convince","VBD"
"536","convinced","convince","VBN"
"537","convoluted","convolute","VBN"
"538","cooked","cook","VBN"
"539","cooled","cool","VBD"
"540","cooled","cool","VBN"
"541","cooperated","cooperate","VBD"
"542","cooperated","cooperate","VBN"
"543","coordinated","coordinate","VBN"
"544","copied","copy","VBD"
"545","copied","copy","VBN"
"546","copyrighted","copyright","VBN"
"547","cornered","corner","VBN"
"548","corrected","correct","VBD"
"549","corrected","correct","VBN"
"550","cost","cost","VBD"
"551","cost","cost","VBN"
"552","costumed","costume","VBN"
"553","coughed","cough","VBD"
"554","coughed","cough","VBN"
"555","counted","count","VBD"
"556","counted","count","VBN"
"557","countered","counter","VBD"
"558","countered","counter","VBN"
"559","coupled","couple","VBN"
"560","courted","court","VBD"
"561","courted","court","VBN"
"562","covered","cover","VBD"
"563","covered","cover","VBN"
"564","coveted","covet","VBN"
"565","cracked","crack","VBD"
"566","cracked","crack","VBN"
"567","crafted","craft","VBD"
"568","crafted","craft","VBN"
"569","crashed","crash","VBD"
"570","created","create","VBD"
"571","created","create","VBN"
"572","credited","credit","VBD"
"573","credited","credit","VBN"
"574","crept","creep","VBD"
"575","crept","creep","VBN"
"576","crippled","cripple","VBN"
"577","criticized","criticize","VBD"
"578","criticized","criticize","VBN"
"579","crossed","cross","VBD"
"580","crossed","cross","VBN"
"581","crowded","crowd","VBD"
"582","crowded","crowd","VBN"
"583","crumbled","crumble","VBD"
"584","crumbled","crumble","VBN"
"585","crumpled","crumple","VBD"
"586","crumpled","crumple","VBN"
"587","crushed","crush","VBN"
"588","curbed","curb","VBD"
"589","curbed","curb","VBN"
"590","curtailed","curtail","VBD"
"591","curtailed","curtail","VBN"
"592","customized","customize","VBN"
"593","cut","cut","VBD"
"594","cut","cut","VBN"
"595","damaged","damage","VBD"
"596","damaged","damage","VBN"
"597","damped","damp","VBN"
"598","dashed","dash","VBD"
"599","dashed","dash","VBN"
"600","dated","date","VBN"
"601","dead","dead","VBN"
"602","deadlocked","deadlock","VBN"
"603","dealt","deal","VBD"
"604","dealt","deal","VBN"
"605","deceased","decease","VBN"
"606","decentralized","decentralize","VBN"
"607","decided","decide","VBD"
"608","decided","decide","VBN"
"609","declared","declare","VBD"
"610","declared","declare","VBN"
"611","declined","decline","VBD"
"612","declined","decline","VBN"
"613","decorated","decorate","VBN"
"614","decreased","decrease","VBD"
"615","decreased","decrease","VBN"
"616","decreed","decree","VBN"
"617","dedicated","dedicate","VBD"
"618","dedicated","dedicate","VBN"
"619","deemed","deem","VBD"
"620","deemed","deem","VBN"
"621","defaulted","default","VBD"
"622","defaulted","default","VBN"
"623","defeated","defeat","VBD"
"624","defeated","defeat","VBN"
"625","defended","defend","VBD"
"626","defended","defend","VBN"
"627","deferred","defer","VBN"
"628","defied","defy","VBD"
"629","defined","define","VBD"
"630","defined","define","VBN"
"631","deflated","deflate","VBD"
"632","deflated","deflate","VBN"
"633","defrauded","defraud","VBD"
"634","defrauded","defraud","VBN"
"635","degenerated","degenerate","VBD"
"636","degenerated","degenerate","VBN"
"637","delayed","delay","VBD"
"638","delayed","delay","VBN"
"639","deleted","delete","VBN"
"640","delighted","delight","VBD"
"641","delighted","delight","VBN"
"642","delivered","deliver","VBD"
"643","delivered","deliver","VBN"
"644","demanded","demand","VBD"
"645","demanded","demand","VBN"
"646","demolished","demolish","VBD"
"647","demolished","demolish","VBN"
"648","demonstrated","demonstrate","VBD"
"649","demonstrated","demonstrate","VBN"
"650","demoted","demote","VBN"
"651","denied","deny","VBD"
"652","denied","deny","VBN"
"653","denominated","denominate","VBN"
"654","denounced","denounce","VBD"
"655","denounced","denounce","VBN"
"656","departed","depart","VBD"
"657","depended","depend","VBD"
"658","depended","depend","VBN"
"659","depicted","depict","VBN"
"660","depleted","deplete","VBD"
"661","depleted","deplete","VBN"
"662","deployed","deploy","VBD"
"663","deployed","deploy","VBN"
"664","deposed","depose","VBN"
"665","depressed","depress","VBD"
"666","depressed","depress","VBN"
"667","deprived","deprive","VBD"
"668","deprived","deprive","VBN"
"669","derided","deride","VBD"
"670","derided","deride","VBN"
"671","derived","derive","VBD"
"672","derived","derive","VBN"
"673","described","describe","VBD"
"674","described","describe","VBN"
"675","designated","designate","VBN"
"676","designed","design","VBD"
"677","designed","design","VBN"
"678","desired","desire","VBD"
"679","desired","desire","VBN"
"680","destined","destine","VBN"
"681","destroyed","destroy","VBD"
"682","destroyed","destroy","VBN"
"683","detailed","detail","VBN"
"684","detained","detain","VBD"
"685","detained","detain","VBN"
"686","detected","detect","VBD"
"687","detected","detect","VBN"
"688","deteriorated","deteriorate","VBD"
"689","deteriorated","deteriorate","VBN"
"690","determined","determine","VBD"
"691","determined","determine","VBN"
"692","devalued","devalue","VBD"
"693","devalued","devalue","VBN"
"694","devastated","devastate","VBD"
"695","devastated","devastate","VBN"
"696","developed","develop","VBD"
"697","developed","develop","VBN"
"698","devised","devise","VBD"
"699","devised","devise","VBN"
"700","devoted","devote","VBD"
"701","devoted","devote","VBN"
"702","diagnosed","diagnose","VBD"
"703","diagnosed","diagnose","VBN"
"704","dictated","dictate","VBD"
"705","dictated","dictate","VBN"
"706","did","do","VBD"
"707","died","die","VBD"
"708","died","die","VBN"
"709","diluted","dilute","VBD"
"710","diluted","dilute","VBN"
"711","diminished","diminish","VBD"
"712","diminished","diminish","VBN"
"713","dined","dine","VBD"
"714","dined","dine","VBN"
"715","dipped","dip","VBD"
"716","dipped","dip","VBN"
"717","directed","direct","VBD"
"718","directed","direct","VBN"
"719","disabled","disable","VBN"
"720","disagreed","disagree","VBD"
"721","disagreed","disagree","VBN"
"722","disappeared","disappear","VBD"
"723","disappeared","disappear","VBN"
"724","disappointed","disappoint","VBD"
"725","disappointed","disappoint","VBN"
"726","disapproved","disapprove","VBD"
"727","disapproved","disapprove","VBN"
"728","disbursed","disburse","VBN"
"729","discarded","discard","VBD"
"730","discarded","discard","VBN"
"731","disciplined","discipline","VBD"
"732","disciplined","discipline","VBN"
"733","disclosed","disclose","VBD"
"734","disclosed","disclose","VBN"
"735","discontinued","discontinue","VBN"
"736","discounted","discount","VBD"
"737","discounted","discount","VBN"
"738","discouraged","discourage","VBD"
"739","discouraged","discourage","VBN"
"740","discovered","discover","VBD"
"741","discovered","discover","VBN"
"742","discredited","discredit","VBN"
"743","discussed","discuss","VBD"
"744","discussed","discuss","VBN"
"745","disenchanted","disenchant","VBN"
"746","disgruntled","disgruntle","VBN"
"747","disguised","disguise","VBN"
"748","disgusted","disgust","VBN"
"749","disinclined","disincline","VBN"
"750","dismantled","dismantle","VBN"
"751","dismayed","dismay","VBN"
"752","dismissed","dismiss","VBD"
"753","dismissed","dismiss","VBN"
"754","dispatched","dispatch","VBD"
"755","dispatched","dispatch","VBN"
"756","dispelled","dispel","VBD"
"757","displaced","displace","VBN"
"758","displayed","display","VBD"
"759","displayed","display","VBN"
"760","disposed","dispose","VBD"
"761","disposed","dispose","VBN"
"762","disputed","dispute","VBD"
"763","disputed","dispute","VBN"
"764","disregarded","disregard","VBD"
"765","disrupted","disrupt","VBD"
"766","disrupted","disrupt","VBN"
"767","dissatisfied","dissatisfy","VBN"
"768","dissented","dissent","VBD"
"769","dissented","dissent","VBN"
"770","dissolved","dissolve","VBN"
"771","distilled","distil","VBN"
"772","distinguished","distinguish","VBD"
"773","distinguished","distinguish","VBN"
"774","distorted","distort","VBN"
"775","distracted","distract","VBD"
"776","distracted","distract","VBN"
"777","distributed","distribute","VBD"
"778","distributed","distribute","VBN"
"779","disturbed","disturb","VBN"
"780","dived","dive","VBD"
"781","diversified","diversify","VBN"
"782","diverted","divert","VBN"
"783","divested","divest","VBD"
"784","divided","divide","VBD"
"785","divided","divide","VBN"
"786","divorced","divorce","VBD"
"787","divorced","divorce","VBN"
"788","documented","document","VBN"
"789","dogged","dog","VBD"
"790","dogged","dog","VBN"
"791","dominated","dominate","VBD"
"792","dominated","dominate","VBN"
"793","donated","donate","VBD"
"794","donated","donate","VBN"
"795","done","do","VBN"
"796","doomed","doom","VBD"
"797","doomed","doom","VBN"
"798","doubled","double","VBD"
"799","doubled","double","VBN"
"800","doubted","doubt","VBD"
"801","downgraded","downgrade","VBD"
"802","downgraded","downgrade","VBN"
"803","downplayed","downplay","VBD"
"804","drafted","draft","VBD"
"805","drafted","draft","VBN"
"806","dragged","drag","VBD"
"807","dragged","drag","VBN"
"808","drained","drain","VBN"
"809","drawn","draw","VBN"
"810","dreaded","dread","VBN"
"811","dreamed","dream","VBD"
"812","dreamed","dream","VBN"
"813","dressed","dress","VBD"
"814","dressed","dress","VBN"
"815","drew","draw","VBD"
"816","dried","dry","VBD"
"817","dried","dry","VBN"
"818","drifted","drift","VBD"
"819","drilled","drill","VBD"
"820","drilled","drill","VBN"
"821","driven","drive","VBN"
"822","dropped","drop","VBD"
"823","dropped","drop","VBN"
"824","drove","drive","VBD"
"825","drowned","drown","VBD"
"826","drowned","drown","VBN"
"827","dubbed","dub","VBD"
"828","dubbed","dub","VBN"
"829","dug","dig","VBD"
"830","dulled","dull","VBN"
"831","dumped","dump","VBD"
"832","dumped","dump","VBN"
"833","duplicated","duplicate","VBN"
"834","dwindled","dwindle","VBD"
"835","earmarked","earmark","VBD"
"836","earmarked","earmark","VBN"
"837","earned","earn","VBD"
"838","earned","earn","VBN"
"839","eased","ease","VBD"
"840","eased","ease","VBN"
"841","eaten","eat","VBN"
"842","echoed","echo","VBD"
"843","echoed","echo","VBN"
"844","edged","edge","VBD"
"845","edged","edge","VBN"
"846","educated","educate","VBN"
"847","elected","elect","VBD"
"848","elected","elect","VBN"
"849","electrogalvanized","electrogalvanize","VBN"
"850","elevated","elevate","VBD"
"851","eliminated","eliminate","VBD"
"852","eliminated","eliminate","VBN"
"853","eluded","elude","VBD"
"854","embarked","embark","VBD"
"855","embarked","embark","VBN"
"856","embarrassed","embarrass","VBD"
"857","embarrassed","embarrass","VBN"
"858","embodied","embody","VBN"
"859","embraced","embrace","VBD"
"860","embraced","embrace","VBN"
"861","embroiled","embroil","VBN"
"862","emerged","emerge","VBD"
"863","emerged","emerge","VBN"
"864","emphasized","emphasize","VBD"
"865","emphasized","emphasize","VBN"
"866","employed","employ","VBN"
"867","enabled","enable","VBD"
"868","enabled","enable","VBN"
"869","enacted","enact","VBD"
"870","enacted","enact","VBN"
"871","enclosed","enclose","VBN"
"872","encountered","encounter","VBD"
"873","encountered","encounter","VBN"
"874","encouraged","encourage","VBD"
"875","encouraged","encourage","VBN"
"876","endangered","endanger","VBN"
"877","ended","end","VBD"
"878","ended","end","VBN"
"879","endorsed","endorse","VBD"
"880","endorsed","endorse","VBN"
"881","endowed","endow","VBD"
"882","endowed","endow","VBN"
"883","endured","endure","VBD"
"884","endured","endure","VBN"
"885","enforced","enforce","VBN"
"886","engaged","engage","VBD"
"887","engaged","engage","VBN"
"888","engineered","engineer","VBN"
"889","engulfed","engulf","VBD"
"890","engulfed","engulf","VBN"
"891","enhanced","enhance","VBD"
"892","enhanced","enhance","VBN"
"893","enjoined","enjoin","VBD"
"894","enjoined","enjoin","VBN"
"895","enjoyed","enjoy","VBD"
"896","enjoyed","enjoy","VBN"
"897","enlisted","enlist","VBD"
"898","entered","enter","VBD"
"899","entered","enter","VBN"
"900","entertained","entertain","VBD"
"901","entertained","entertain","VBN"
"902","entitled","entitle","VBD"
"903","entitled","entitle","VBN"
"904","entombed","entomb","VBN"
"905","entrenched","entrench","VBN"
"906","entwined","entwine","VBN"
"907","envisaged","envisage","VBD"
"908","envisaged","envisage","VBN"
"909","envisioned","envision","VBN"
"910","equaled","equal","VBD"
"911","equaled","equal","VBN"
"912","equipped","equip","VBD"
"913","equipped","equip","VBN"
"914","erased","erase","VBD"
"915","erased","erase","VBN"
"916","eroded","erode","VBD"
"917","eroded","erode","VBN"
"918","erred","err","VBD"
"919","erred","err","VBN"
"920","erupted","erupt","VBD"
"921","erupted","erupt","VBN"
"922","escaped","escape","VBD"
"923","escaped","escape","VBN"
"924","eschewed","eschew","VBN"
"925","established","establish","VBD"
"926","established","establish","VBN"
"927","estimated","estimate","VBD"
"928","estimated","estimate","VBN"
"929","evacuated","evacuate","VBN"
"930","evaluated","evaluate","VBD"
"931","evaluated","evaluate","VBN"
"932","evaporated","evaporate","VBD"
"933","evaporated","evaporate","VBN"
"934","evidenced","evidence","VBN"
"935","evolved","evolve","VBD"
"936","evolved","evolve","VBN"
"937","exacerbated","exacerbate","VBD"
"938","exacerbated","exacerbate","VBN"
"939","exaggerated","exaggerate","VBN"
"940","examined","examine","VBD"
"941","examined","examine","VBN"
"942","exceeded","exceed","VBD"
"943","exceeded","exceed","VBN"
"944","exchanged","exchange","VBD"
"945","exchanged","exchange","VBN"
"946","excited","excite","VBN"
"947","excluded","exclude","VBD"
"948","excluded","exclude","VBN"
"949","executed","execute","VBD"
"950","executed","execute","VBN"
"951","exempted","exempt","VBN"
"952","exercised","exercise","VBD"
"953","exercised","exercise","VBN"
"954","exhausted","exhaust","VBD"
"955","exhausted","exhaust","VBN"
"956","exiled","exile","VBD"
"957","exiled","exile","VBN"
"958","existed","exist","VBD"
"959","existed","exist","VBN"
"960","exonerated","exonerate","VBD"
"961","exonerated","exonerate","VBN"
"962","expanded","expand","VBD"
"963","expanded","expand","VBN"
"964","expected","expect","VBD"
"965","expected","expect","VBN"
"966","expedited","expedite","VBN"
"967","expelled","expel","VBD"
"968","expelled","expel","VBN"
"969","experienced","experience","VBD"
"970","experienced","experience","VBN"
"971","experimented","experiment","VBD"
"972","experimented","experiment","VBN"
"973","expired","expire","VBD"
"974","expired","expire","VBN"
"975","explained","explain","VBD"
"976","explained","explain","VBN"
"977","exploded","explode","VBD"
"978","exploded","explode","VBN"
"979","exported","export","VBD"
"980","exported","export","VBN"
"981","exposed","expose","VBD"
"982","exposed","expose","VBN"
"983","expressed","express","VBD"
"984","expressed","express","VBN"
"985","extended","extend","VBD"
"986","extended","extend","VBN"
"987","extracted","extract","VBD"
"988","extracted","extract","VBN"
"989","extradited","extradite","VBN"
"990","fabricated","fabricate","VBN"
"991","faced","face","VBD"
"992","faced","face","VBN"
"993","faded","fade","VBD"
"994","faded","fade","VBN"
"995","failed","fail","VBD"
"996","failed","fail","VBN"
"997","faked","fake","VBD"
"998","faked","fake","VBN"
"999","fallen","fall","VBN"
"1000","faltered","falter","VBD"
"1001","faltered","falter","VBN"
"1002","famed","fame","VBN"
"1003","fared","fare","VBD"
"1004","fared","fare","VBN"
"1005","fashioned","fashion","VBN"
"1006","fattened","fatten","VBD"
"1007","fattened","fatten","VBN"
"1008","favored","favor","VBD"
"1009","favored","favor","VBN"
"1010","feared","fear","VBD"
"1011","feared","fear","VBN"
"1012","featured","feature","VBD"
"1013","featured","feature","VBN"
"1014","fed","feed","VBD"
"1015","fed","feed","VBN"
"1016","fell","fall","VBD"
"1017","fell","fall","VBN"
"1018","felt","feel","VBD"
"1019","felt","feel","VBN"
"1020","fertilized","fertilize","VBN"
"1021","fielded","field","VBD"
"1022","fielded","field","VBN"
"1023","figured","figure","VBD"
"1024","figured","figure","VBN"
"1025","filed","file","VBD"
"1026","filed","file","VBN"
"1027","filled","fill","VBD"
"1028","filled","fill","VBN"
"1029","filmed","film","VBD"
"1030","filmed","film","VBN"
"1031","finalized","finalize","VBD"
"1032","finalized","finalize","VBN"
"1033","financed","finance","VBD"
"1034","financed","finance","VBN"
"1035","fined","fine","VBD"
"1036","fined","fine","VBN"
"1037","finished","finish","VBD"
"1038","finished","finish","VBN"
"1039","fired","fire","VBD"
"1040","fired","fire","VBN"
"1041","firmed","firm","VBD"
"1042","firmed","firm","VBN"
"1043","fit","fit","VBN"
"1044","fixed","fix","VBD"
"1045","fixed","fix","VBN"
"1046","fizzled","fizzle","VBD"
"1047","fizzled","fizzle","VBN"
"1048","flashed","flash","VBD"
"1049","flashed","flash","VBN"
"1050","flattened","flatten","VBD"
"1051","flattened","flatten","VBN"
"1052","flawed","flaw","VBN"
"1053","fled","flee","VBD"
"1054","fled","flee","VBN"
"1055","flew","fly","VBD"
"1056","floated","float","VBD"
"1057","floated","float","VBN"
"1058","flocked","flock","VBD"
"1059","flocked","flock","VBN"
"1060","flooded","flood","VBD"
"1061","flooded","flood","VBN"
"1062","flopped","flop","VBD"
"1063","flopped","flop","VBN"
"1064","flowed","flow","VBD"
"1065","flown","fly","VBN"
"1066","fluctuated","fluctuate","VBD"
"1067","fluctuated","fluctuate","VBN"
"1068","focused","focus","VBD"
"1069","focused","focus","VBN"
"1070","foiled","foil","VBD"
"1071","foiled","foil","VBN"
"1072","folded","fold","VBD"
"1073","folded","fold","VBN"
"1074","followed","follow","VBD"
"1075","followed","follow","VBN"
"1076","forbade","forbid","VBD"
"1077","forced","force","VBD"
"1078","forced","force","VBN"
"1079","forecast","forecast","VBD"
"1080","forecast","forecast","VBN"
"1081","foreclosed","foreclose","VBD"
"1082","foreclosed","foreclose","VBN"
"1083","foreseen","foresee","VBN"
"1084","forgiven","forgive","VBN"
"1085","forgot","forget","VBD"
"1086","forgot","forget","VBN"
"1087","forgotten","forget","VBN"
"1088","forked","fork","VBD"
"1089","forked","fork","VBN"
"1090","formed","form","VBD"
"1091","formed","form","VBN"
"1092","fostered","foster","VBD"
"1093","fostered","foster","VBN"
"1094","fought","fight","VBD"
"1095","fought","fight","VBN"
"1096","found","find","VBD"
"1097","found","find","VBN"
"1098","founded","found","VBD"
"1099","founded","found","VBN"
"1100","fractured","fracture","VBD"
"1101","fractured","fracture","VBN"
"1102","fragmented","fragment","VBN"
"1103","framed","frame","VBN"
"1104","franchised","franchise","VBN"
"1105","freed","free","VBD"
"1106","freed","free","VBN"
"1107","frightened","frighten","VBD"
"1108","frightened","frighten","VBN"
"1109","frozen","freeze","VBN"
"1110","frustrated","frustrate","VBD"
"1111","frustrated","frustrate","VBN"
"1112","fueled","fuel","VBD"
"1113","fueled","fuel","VBN"
"1114","fulfilled","fulfil","VBD"
"1115","fulfilled","fulfil","VBN"
"1116","funded","fund","VBD"
"1117","funded","fund","VBN"
"1118","funneled","funnel","VBD"
"1119","funneled","funnel","VBN"
"1120","furnished","furnish","VBN"
"1121","gained","gain","VBD"
"1122","gained","gain","VBN"
"1123","galvanized","galvanize","VBD"
"1124","gathered","gather","VBD"
"1125","gathered","gather","VBN"
"1126","gave","give","VBD"
"1127","geared","gear","VBN"
"1128","generated","generate","VBD"
"1129","generated","generate","VBN"
"1130","given","give","VBN"
"1131","glued","glue","VBN"
"1132","glutted","glut","VBN"
"1133","gone","go","VBN"
"1134","got","get","VBD"
"1135","got","get","VBN"
"1136","gotten","get","VBN"
"1137","governed","govern","VBD"
"1138","governed","govern","VBN"
"1139","grabbed","grab","VBD"
"1140","grabbed","grab","VBN"
"1141","graduated","graduate","VBD"
"1142","graduated","graduate","VBN"
"1143","granted","grant","VBD"
"1144","granted","grant","VBN"
"1145","greeted","greet","VBD"
"1146","greeted","greet","VBN"
"1147","grew","grow","VBD"
"1148","grew","grow","VBN"
"1149","gridlocked","gridlock","VBN"
"1150","gripped","grip","VBD"
"1151","ground","grind","VBD"
"1152","ground","grind","VBN"
"1153","grounded","ground","VBN"
"1154","grown","grow","VBN"
"1155","guaranteed","guarantee","VBD"
"1156","guaranteed","guarantee","VBN"
"1157","guarded","guard","VBD"
"1158","guarded","guard","VBN"
"1159","guessed","guess","VBD"
"1160","guided","guide","VBD"
"1161","guided","guide","VBN"
"1162","gunned","gun","VBN"
"1163","had","have","VBD"
"1164","had","have","VBN"
"1165","hailed","hail","VBD"
"1166","hailed","hail","VBN"
"1167","halted","halt","VBD"
"1168","halted","halt","VBN"
"1169","halved","halve","VBD"
"1170","halved","halve","VBN"
"1171","hammered","hammer","VBN"
"1172","hampered","hamper","VBD"
"1173","hampered","hamper","VBN"
"1174","hamstrung","hamstring","VBN"
"1175","handed","hand","VBD"
"1176","handed","hand","VBN"
"1177","handicapped","handicap","VBN"
"1178","handled","handle","VBD"
"1179","handled","handle","VBN"
"1180","happened","happen","VBD"
"1181","happened","happen","VBN"
"1182","hardened","harden","VBN"
"1183","harmed","harm","VBD"
"1184","harmed","harm","VBN"
"1185","harried","harry","VBN"
"1186","harvested","harvest","VBN"
"1187","has","have","VBN"
"1188","hatched","hatch","VBN"
"1189","hated","hate","VBN"
"1190","haunted","haunt","VBN"
"1191","have","have","VBD"
"1192","have","have","VBN"
"1193","headed","head","VBD"
"1194","headed","head","VBN"
"1195","heard","hear","VBD"
"1196","heard","hear","VBN"
"1197","heated","heat","VBN"
"1198","heaved","heave","VBD"
"1199","heaved","heave","VBN"
"1200","heightened","heighten","VBD"
"1201","heightened","heighten","VBN"
"1202","held","hold","VBD"
"1203","held","hold","VBN"
"1204","helped","help","VBD"
"1205","helped","help","VBN"
"1206","heralded","herald","VBN"
"1207","hidden","hide","VBN"
"1208","highlighted","highlight","VBD"
"1209","highlighted","highlight","VBN"
"1210","hindered","hinder","VBD"
"1211","hindered","hinder","VBN"
"1212","hinted","hint","VBD"
"1213","hinted","hint","VBN"
"1214","hired","hire","VBD"
"1215","hired","hire","VBN"
"1216","hit","hit","VBD"
"1217","hit","hit","VBN"
"1218","hobbled","hobble","VBN"
"1219","honed","hone","VBN"
"1220","hooked","hook","VBD"
"1221","hooked","hook","VBN"
"1222","hoped","hope","VBD"
"1223","hoped","hope","VBN"
"1224","hospitalized","hospitalize","VBN"
"1225","housed","house","VBN"
"1226","hovered","hover","VBD"
"1227","hovered","hover","VBN"
"1228","huddled","huddle","VBD"
"1229","hung","hang","VBD"
"1230","hung","hang","VBN"
"1231","hurried","hurry","VBN"
"1232","hurt","hurt","VBD"
"1233","hurt","hurt","VBN"
"1234","hypnotized","hypnotize","VBN"
"1235","identified","identify","VBD"
"1236","identified","identify","VBN"
"1237","idled","idle","VBD"
"1238","idled","idle","VBN"
"1239","ignored","ignore","VBD"
"1240","ignored","ignore","VBN"
"1241","illustrated","illustrate","VBD"
"1242","illustrated","illustrate","VBN"
"1243","imagined","imagine","VBD"
"1244","imagined","imagine","VBN"
"1245","imitated","imitate","VBN"
"1246","impaired","impair","VBN"
"1247","impeached","impeach","VBN"
"1248","impeded","impede","VBN"
"1249","implanted","implant","VBD"
"1250","implanted","implant","VBN"
"1251","implemented","implement","VBD"
"1252","implemented","implement","VBN"
"1253","implicated","implicate","VBN"
"1254","implied","imply","VBD"
"1255","implied","imply","VBN"
"1256","imported","import","VBD"
"1257","imported","import","VBN"
"1258","imposed","impose","VBD"
"1259","imposed","impose","VBN"
"1260","impoverished","impoverish","VBN"
"1261","impressed","impress","VBD"
"1262","impressed","impress","VBN"
"1263","imprisoned","imprison","VBN"
"1264","improved","improve","VBD"
"1265","improved","improve","VBN"
"1266","inched","inch","VBD"
"1267","inched","inch","VBN"
"1268","inclined","incline","VBN"
"1269","included","include","VBD"
"1270","included","include","VBN"
"1271","incorporated","incorporate","VBN"
"1272","increased","increase","VBD"
"1273","increased","increase","VBN"
"1274","incurred","incur","VBD"
"1275","incurred","incur","VBN"
"1276","indicated","indicate","VBD"
"1277","indicated","indicate","VBN"
"1278","indicted","indict","VBD"
"1279","indicted","indict","VBN"
"1280","industrialized","industrialize","VBN"
"1281","infected","infect","VBD"
"1282","infected","infect","VBN"
"1283","inflated","inflate","VBD"
"1284","inflated","inflate","VBN"
"1285","inflicted","inflict","VBD"
"1286","inflicted","inflict","VBN"
"1287","influenced","influence","VBD"
"1288","influenced","influence","VBN"
"1289","informed","inform","VBD"
"1290","informed","inform","VBN"
"1291","infringed","infringe","VBD"
"1292","infringed","infringe","VBN"
"1293","inherited","inherit","VBD"
"1294","inherited","inherit","VBN"
"1295","initiated","initiate","VBD"
"1296","initiated","initiate","VBN"
"1297","injected","inject","VBD"
"1298","injected","inject","VBN"
"1299","injured","injure","VBD"
"1300","injured","injure","VBN"
"1301","inquired","inquire","VBD"
"1302","inserted","insert","VBD"
"1303","inserted","insert","VBN"
"1304","insisted","insist","VBD"
"1305","insisted","insist","VBN"
"1306","inspected","inspect","VBD"
"1307","inspected","inspect","VBN"
"1308","inspired","inspire","VBD"
"1309","inspired","inspire","VBN"
"1310","installed","install","VBD"
"1311","installed","install","VBN"
"1312","instituted","institute","VBD"
"1313","instituted","institute","VBN"
"1314","instructed","instruct","VBD"
"1315","instructed","instruct","VBN"
"1316","insulated","insulate","VBN"
"1317","insured","insure","VBD"
"1318","insured","insure","VBN"
"1319","integrated","integrate","VBN"
"1320","intended","intend","VBD"
"1321","intended","intend","VBN"
"1322","intensified","intensify","VBD"
"1323","intensified","intensify","VBN"
"1324","interested","interest","VBN"
"1325","interpreted","interpret","VBD"
"1326","interpreted","interpret","VBN"
"1327","interrupted","interrupt","VBN"
"1328","interspersed","intersperse","VBN"
"1329","intervened","intervene","VBD"
"1330","intervened","intervene","VBN"
"1331","interviewed","interview","VBD"
"1332","interviewed","interview","VBN"
"1333","introduced","introduce","VBD"
"1334","introduced","introduce","VBN"
"1335","inundated","inundate","VBN"
"1336","invaded","invade","VBD"
"1337","invented","invent","VBD"
"1338","invented","invent","VBN"
"1339","invested","invest","VBD"
"1340","invested","invest","VBN"
"1341","investigated","investigate","VBD"
"1342","investigated","investigate","VBN"
"1343","invited","invite","VBD"
"1344","invited","invite","VBN"
"1345","involved","involve","VBD"
"1346","involved","involve","VBN"
"1347","irked","irk","VBD"
"1348","irked","irk","VBN"
"1349","irradiated","irradiate","VBN"
"1350","isolated","isolate","VBD"
"1351","isolated","isolate","VBN"
"1352","issued","issue","VBD"
"1353","issued","issue","VBN"
"1354","jacked","jack","VBD"
"1355","jacked","jack","VBN"
"1356","jailed","jail","VBD"
"1357","jailed","jail","VBN"
"1358","jammed","jam","VBD"
"1359","jammed","jam","VBN"
"1360","joined","join","VBD"
"1361","joined","join","VBN"
"1362","jolted","jolt","VBD"
"1363","jolted","jolt","VBN"
"1364","judged","judge","VBN"
"1365","jumped","jump","VBD"
"1366","jumped","jump","VBN"
"1367","justified","justify","VBN"
"1368","kept","keep","VBD"
"1369","kept","keep","VBN"
"1370","keyed","key","VBN"
"1371","kicked","kick","VBD"
"1372","kicked","kick","VBN"
"1373","kidnapped","kidnap","VBD"
"1374","kidnapped","kidnap","VBN"
"1375","killed","kill","VBD"
"1376","killed","kill","VBN"
"1377","knew","know","VBD"
"1378","knocked","knock","VBD"
"1379","knocked","knock","VBN"
"1380","known","know","VBN"
"1381","labeled","label","VBD"
"1382","labeled","label","VBN"
"1383","laced","lace","VBN"
"1384","lacked","lack","VBD"
"1385","lacked","lack","VBN"
"1386","lagged","lag","VBD"
"1387","lagged","lag","VBN"
"1388","laid","lay","VBD"
"1389","laid","lay","VBN"
"1390","lamented","lament","VBD"
"1391","landed","land","VBD"
"1392","landed","land","VBN"
"1393","languished","languish","VBD"
"1394","languished","languish","VBN"
"1395","lapsed","lapse","VBN"
"1396","lasted","last","VBD"
"1397","lasted","last","VBN"
"1398","lauded","laud","VBD"
"1399","lauded","laud","VBN"
"1400","laughed","laugh","VBD"
"1401","laughed","laugh","VBN"
"1402","launched","launch","VBD"
"1403","launched","launch","VBN"
"1404","laundered","launder","VBD"
"1405","laundered","launder","VBN"
"1406","lay","lay","VBD"
"1407","leaked","leak","VBD"
"1408","leaked","leak","VBN"
"1409","leaned","lean","VBD"
"1410","leaned","lean","VBN"
"1411","leaped","leap","VBD"
"1412","leaped","leap","VBN"
"1413","learned","learn","VBD"
"1414","learned","learn","VBN"
"1415","leased","lease","VBD"
"1416","leased","lease","VBN"
"1417","led","lead","VBD"
"1418","led","lead","VBN"
"1419","left","leave","VBD"
"1420","left","leave","VBN"
"1421","lengthened","lengthen","VBD"
"1422","lengthened","lengthen","VBN"
"1423","lent","lend","VBD"
"1424","lent","lend","VBN"
"1425","let","let","VBD"
"1426","let","let","VBN"
"1427","leveled","level","VBD"
"1428","leveled","level","VBN"
"1429","leveraged","leverage","VBN"
"1430","levied","levy","VBD"
"1431","liberalized","liberalize","VBD"
"1432","liberalized","liberalize","VBN"
"1433","liberated","liberate","VBD"
"1434","licensed","license","VBD"
"1435","licensed","license","VBN"
"1436","lied","lie","VBD"
"1437","lifted","lift","VBD"
"1438","lifted","lift","VBN"
"1439","lighted","light","VBN"
"1440","liked","like","VBD"
"1441","liked","like","VBN"
"1442","likened","liken","VBD"
"1443","likened","liken","VBN"
"1444","limited","limit","VBD"
"1445","limited","limit","VBN"
"1446","lined","line","VBD"
"1447","lined","line","VBN"
"1448","linked","link","VBD"
"1449","linked","link","VBN"
"1450","liquefied","liquefy","VBN"
"1451","liquidated","liquidate","VBN"
"1452","listed","list","VBD"
"1453","listed","list","VBN"
"1454","listened","listen","VBD"
"1455","lived","live","VBD"
"1456","lived","live","VBN"
"1457","loaded","load","VBD"
"1458","loaded","load","VBN"
"1459","loaned","loan","VBD"
"1460","loaned","loan","VBN"
"1461","loathed","loathe","VBD"
"1462","loathed","loathe","VBN"
"1463","lobbied","lobby","VBD"
"1464","lobbied","lobby","VBN"
"1465","localized","localize","VBN"
"1466","located","locate","VBN"
"1467","locked","lock","VBD"
"1468","locked","lock","VBN"
"1469","logged","log","VBD"
"1470","logged","log","VBN"
"1471","looked","look","VBD"
"1472","looked","look","VBN"
"1473","lost","lose","VBD"
"1474","lost","lose","VBN"
"1475","loved","love","VBD"
"1476","loved","love","VBN"
"1477","lowered","lower","VBD"
"1478","lowered","lower","VBN"
"1479","lurched","lurch","VBD"
"1480","lured","lure","VBD"
"1481","lured","lure","VBN"
"1482","made","make","VBD"
"1483","made","make","VBN"
"1484","magnified","magnify","VBD"
"1485","magnified","magnify","VBN"
"1486","mailed","mail","VBD"
"1487","mailed","mail","VBN"
"1488","maintained","maintain","VBD"
"1489","maintained","maintain","VBN"
"1490","managed","manage","VBD"
"1491","managed","manage","VBN"
"1492","mandated","mandate","VBD"
"1493","mandated","mandate","VBN"
"1494","maneuvered","maneuver","VBD"
"1495","maneuvered","maneuver","VBN"
"1496","manipulated","manipulate","VBN"
"1497","manufactured","manufacture","VBD"
"1498","manufactured","manufacture","VBN"
"1499","marched","march","VBD"
"1500","marched","march","VBN"
"1501","marked","mark","VBD"
"1502","marked","mark","VBN"
"1503","marketed","market","VBD"
"1504","marketed","market","VBN"
"1505","married","marry","VBD"
"1506","married","marry","VBN"
"1507","masked","mask","VBD"
"1508","masked","mask","VBN"
"1509","mastered","master","VBN"
"1510","matched","match","VBD"
"1511","matched","match","VBN"
"1512","materialized","materialize","VBD"
"1513","materialized","materialize","VBN"
"1514","meant","mean","VBD"
"1515","meant","mean","VBN"
"1516","measured","measure","VBD"
"1517","measured","measure","VBN"
"1518","mentioned","mention","VBD"
"1519","mentioned","mention","VBN"
"1520","merged","merge","VBD"
"1521","merged","merge","VBN"
"1522","met","meet","VBD"
"1523","met","meet","VBN"
"1524","midsized","midsize","VBN"
"1525","mired","mire","VBN"
"1526","miscalculated","miscalculate","VBD"
"1527","miscalculated","miscalculate","VBN"
"1528","misguided","misguide","VBN"
"1529","mishandled","mishandle","VBD"
"1530","misinterpreted","misinterpret","VBN"
"1531","misled","mislead","VBD"
"1532","misled","mislead","VBN"
"1533","misrepresented","misrepresent","VBD"
"1534","missed","miss","VBD"
"1535","missed","miss","VBN"
"1536","misstated","misstate","VBD"
"1537","misstated","misstate","VBN"
"1538","mistaken","mistake","VBN"
"1539","mixed","mix","VBD"
"1540","mixed","mix","VBN"
"1541","mobilized","mobilize","VBD"
"1542","mobilized","mobilize","VBN"
"1543","modeled","model","VBD"
"1544","modeled","model","VBN"
"1545","modernized","modernize","VBD"
"1546","modernized","modernize","VBN"
"1547","modified","modify","VBN"
"1548","monitored","monitor","VBD"
"1549","monitored","monitor","VBN"
"1550","motivated","motivate","VBN"
"1551","motorized","motorize","VBN"
"1552","mounted","mount","VBD"
"1553","mounted","mount","VBN"
"1554","moved","move","VBD"
"1555","moved","move","VBN"
"1556","muddied","muddy","VBN"
"1557","murdered","murder","VBN"
"1558","mushroomed","mushroom","VBD"
"1559","mushroomed","mushroom","VBN"
"1560","muted","mute","VBN"
"1561","named","name","VBD"
"1562","named","name","VBN"
"1563","narrowed","narrow","VBD"
"1564","narrowed","narrow","VBN"
"1565","nationalized","nationalize","VBD"
"1566","nationalized","nationalize","VBN"
"1567","necessitated","necessitate","VBD"
"1568","necessitated","necessitate","VBN"
"1569","needed","need","VBD"
"1570","needed","need","VBN"
"1571","neglected","neglect","VBD"
"1572","neglected","neglect","VBN"
"1573","negotiated","negotiate","VBD"
"1574","negotiated","negotiate","VBN"
"1575","nicknamed","nickname","VBN"
"1576","nominated","nominate","VBD"
"1577","nominated","nominate","VBN"
"1578","noted","note","VBD"
"1579","noted","note","VBN"
"1580","noticed","notice","VBD"
"1581","noticed","notice","VBN"
"1582","notified","notify","VBD"
"1583","notified","notify","VBN"
"1584","numbered","number","VBD"
"1585","numbered","number","VBN"
"1586","nursed","nurse","VBD"
"1587","objected","object","VBD"
"1588","obligated","obligate","VBD"
"1589","obligated","obligate","VBN"
"1590","obliged","oblige","VBN"
"1591","observed","observe","VBD"
"1592","observed","observe","VBN"
"1593","obstructed","obstruct","VBN"
"1594","obtained","obtain","VBD"
"1595","obtained","obtain","VBN"
"1596","occupied","occupy","VBD"
"1597","occupied","occupy","VBN"
"1598","occurred","occur","VBD"
"1599","occurred","occur","VBN"
"1600","offered","offer","VBD"
"1601","offered","offer","VBN"
"1602","offset","offset","VBD"
"1603","offset","offset","VBN"
"1604","omitted","omit","VBD"
"1605","omitted","omit","VBN"
"1606","opened","open","VBD"
"1607","opened","open","VBN"
"1608","operated","operate","VBD"
"1609","operated","operate","VBN"
"1610","opposed","oppose","VBD"
"1611","opposed","oppose","VBN"
"1612","opted","opt","VBD"
"1613","opted","opt","VBN"
"1614","ordered","order","VBD"
"1615","ordered","order","VBN"
"1616","organized","organize","VBD"
"1617","organized","organize","VBN"
"1618","oriented","orient","VBN"
"1619","originated","originate","VBN"
"1620","ousted","oust","VBD"
"1621","ousted","oust","VBN"
"1622","outdated","outdate","VBN"
"1623","outlawed","outlaw","VBD"
"1624","outlawed","outlaw","VBN"
"1625","outlined","outline","VBD"
"1626","outlined","outline","VBN"
"1627","outnumbered","outnumber","VBD"
"1628","outpaced","outpace","VBD"
"1629","outpaced","outpace","VBN"
"1630","outperformed","outperform","VBD"
"1631","outperformed","outperform","VBN"
"1632","outraged","outrage","VBN"
"1633","outstripped","outstrip","VBD"
"1634","outstripped","outstrip","VBN"
"1635","outweighed","outweigh","VBD"
"1636","outweighed","outweigh","VBN"
"1637","overbid","overbid","VBD"
"1638","overcome","overcome","VBN"
"1639","overhauled","overhaul","VBN"
"1640","overlooked","overlook","VBD"
"1641","overlooked","overlook","VBN"
"1642","overpaid","overpay","VBD"
"1643","overpaid","overpay","VBN"
"1644","overpriced","overprice","VBN"
"1645","oversaw","oversee","VBD"
"1646","overshadowed","overshadow","VBD"
"1647","overshadowed","overshadow","VBN"
"1648","oversold","oversell","VBN"
"1649","overstated","overstate","VBD"
"1650","overstated","overstate","VBN"
"1651","oversubscribed","oversubscribe","VBN"
"1652","overturned","overturn","VBD"
"1653","overturned","overturn","VBN"
"1654","overvalued","overvalue","VBD"
"1655","overvalued","overvalue","VBN"
"1656","overwhelmed","overwhelm","VBD"
"1657","overwhelmed","overwhelm","VBN"
"1658","owed","owe","VBD"
"1659","owed","owe","VBN"
"1660","own","own","VBN"
"1661","owned","own","VBD"
"1662","owned","own","VBN"
"1663","packaged","package","VBN"
"1664","packed","pack","VBD"
"1665","packed","pack","VBN"
"1666","paid","pay","VBD"
"1667","paid","pay","VBN"
"1668","painted","paint","VBD"
"1669","painted","paint","VBN"
"1670","paired","pair","VBN"
"1671","paled","pale","VBD"
"1672","panicked","panic","VBD"
"1673","panned","pan","VBD"
"1674","panned","pan","VBN"
"1675","paralyzed","paralyze","VBN"
"1676","pared","pare","VBN"
"1677","parked","park","VBD"
"1678","parked","park","VBN"
"1679","participated","participate","VBD"
"1680","participated","participate","VBN"
"1681","passed","pass","VBD"
"1682","passed","pass","VBN"
"1683","patched","patch","VBN"
"1684","patented","patent","VBD"
"1685","patented","patent","VBN"
"1686","patterned","pattern","VBN"
"1687","paved","pave","VBD"
"1688","paved","pave","VBN"
"1689","peaked","peak","VBD"
"1690","peaked","peak","VBN"
"1691","peeled","peel","VBN"
"1692","pegged","peg","VBD"
"1693","pegged","peg","VBN"
"1694","penalized","penalize","VBN"
"1695","penetrated","penetrate","VBN"
"1696","perceived","perceive","VBD"
"1697","perceived","perceive","VBN"
"1698","perched","perch","VBN"
"1699","performed","perform","VBD"
"1700","performed","perform","VBN"
"1701","perked","perk","VBD"
"1702","perked","perk","VBN"
"1703","permitted","permit","VBD"
"1704","permitted","permit","VBN"
"1705","persisted","persist","VBD"
"1706","personalized","personalize","VBN"
"1707","persuaded","persuade","VBD"
"1708","persuaded","persuade","VBN"
"1709","phased","phase","VBD"
"1710","phased","phase","VBN"
"1711","phoned","phone","VBD"
"1712","phoned","phone","VBN"
"1713","picked","pick","VBD"
"1714","picked","pick","VBN"
"1715","piled","pile","VBD"
"1716","piled","pile","VBN"
"1717","pinpointed","pinpoint","VBN"
"1718","pioneered","pioneer","VBD"
"1719","piped","pipe","VBD"
"1720","piped","pipe","VBN"
"1721","pitched","pitch","VBD"
"1722","pitched","pitch","VBN"
"1723","pitted","pit","VBD"
"1724","pitted","pit","VBN"
"1725","placed","place","VBD"
"1726","placed","place","VBN"
"1727","plagued","plague","VBD"
"1728","plagued","plague","VBN"
"1729","planned","plan","VBD"
"1730","planned","plan","VBN"
"1731","planted","plant","VBD"
"1732","planted","plant","VBN"
"1733","played","play","VBD"
"1734","played","play","VBN"
"1735","pleaded","plead","VBD"
"1736","pleaded","plead","VBN"
"1737","pleased","please","VBD"
"1738","pleased","please","VBN"
"1739","pledged","pledge","VBD"
"1740","pledged","pledge","VBN"
"1741","plowed","plow","VBD"
"1742","plowed","plow","VBN"
"1743","plummeted","plummet","VBD"
"1744","plummeted","plummet","VBN"
"1745","plunged","plunge","VBD"
"1746","plunged","plunge","VBN"
"1747","pointed","point","VBD"
"1748","pointed","point","VBN"
"1749","poised","poise","VBN"
"1750","polished","polish","VBD"
"1751","polished","polish","VBN"
"1752","polled","poll","VBD"
"1753","polled","poll","VBN"
"1754","pollinated","pollinate","VBN"
"1755","pooled","pool","VBN"
"1756","populated","populate","VBN"
"1757","portrayed","portray","VBD"
"1758","portrayed","portray","VBN"
"1759","posed","pose","VBD"
"1760","posed","pose","VBN"
"1761","positioned","position","VBD"
"1762","positioned","position","VBN"
"1763","posted","post","VBD"
"1764","posted","post","VBN"
"1765","postmarked","postmark","VBN"
"1766","postponed","postpone","VBD"
"1767","postponed","postpone","VBN"
"1768","poured","pour","VBD"
"1769","poured","pour","VBN"
"1770","powered","power","VBN"
"1771","practiced","practice","VBD"
"1772","practiced","practice","VBN"
"1773","praised","praise","VBD"
"1774","praised","praise","VBN"
"1775","pre-registered","pre-register","VBN"
"1776","preceded","precede","VBN"
"1777","precipitated","precipitate","VBD"
"1778","precluded","preclude","VBN"
"1779","predetermined","predetermine","VBN"
"1780","predicted","predict","VBD"
"1781","predicted","predict","VBN"
"1782","preferred","prefer","VBD"
"1783","preferred","prefer","VBN"
"1784","prejudiced","prejudice","VBN"
"1785","preoccupied","preoccupy","VBN"
"1786","prepaid","prepay","VBN"
"1787","prepared","prepare","VBD"
"1788","prepared","prepare","VBN"
"1789","prescribed","prescribe","VBN"
"1790","presented","present","VBD"
"1791","presented","present","VBN"
"1792","preserved","preserve","VBD"
"1793","preserved","preserve","VBN"
"1794","pressed","press","VBD"
"1795","pressed","press","VBN"
"1796","pressured","pressure","VBD"
"1797","pressured","pressure","VBN"
"1798","presumed","presume","VBN"
"1799","prevailed","prevail","VBD"
"1800","prevailed","prevail","VBN"
"1801","prevented","prevent","VBD"
"1802","prevented","prevent","VBN"
"1803","priced","price","VBD"
"1804","priced","price","VBN"
"1805","primed","prime","VBN"
"1806","printed","print","VBD"
"1807","printed","print","VBN"
"1808","privatized","privatize","VBN"
"1809","prized","prize","VBN"
"1810","proceeded","proceed","VBD"
"1811","processed","process","VBD"
"1812","processed","process","VBN"
"1813","proclaimed","proclaim","VBD"
"1814","produced","produce","VBD"
"1815","produced","produce","VBN"
"1816","professed","profess","VBD"
"1817","professed","profess","VBN"
"1818","proffered","proffer","VBD"
"1819","proffered","proffer","VBN"
"1820","profited","profit","VBD"
"1821","profited","profit","VBN"
"1822","programmed","program","VBN"
"1823","progressed","progress","VBD"
"1824","progressed","progress","VBN"
"1825","prohibited","prohibit","VBD"
"1826","prohibited","prohibit","VBN"
"1827","projected","project","VBD"
"1828","projected","project","VBN"
"1829","prolonged","prolong","VBN"
"1830","promised","promise","VBD"
"1831","promised","promise","VBN"
"1832","promoted","promote","VBD"
"1833","promoted","promote","VBN"
"1834","prompted","prompt","VBD"
"1835","prompted","prompt","VBN"
"1836","pronounced","pronounce","VBD"
"1837","pronounced","pronounce","VBN"
"1838","propelled","propel","VBD"
"1839","propelled","propel","VBN"
"1840","proposed","propose","VBD"
"1841","proposed","propose","VBN"
"1842","propped","prop","VBD"
"1843","propped","prop","VBN"
"1844","prosecuted","prosecute","VBD"
"1845","prosecuted","prosecute","VBN"
"1846","protected","protect","VBD"
"1847","protected","protect","VBN"
"1848","protested","protest","VBD"
"1849","protested","protest","VBN"
"1850","proved","prove","VBD"
"1851","proved","prove","VBN"
"1852","proven","prove","VBN"
"1853","provided","provide","VBD"
"1854","provided","provide","VBN"
"1855","provoked","provoke","VBD"
"1856","provoked","provoke","VBN"
"1857","publicized","publicize","VBN"
"1858","published","publish","VBD"
"1859","published","publish","VBN"
"1860","pulled","pull","VBD"
"1861","pulled","pull","VBN"
"1862","pummeled","pummel","VBD"
"1863","pummeled","pummel","VBN"
"1864","pumped","pump","VBD"
"1865","pumped","pump","VBN"
"1866","punished","punish","VBN"
"1867","purchased","purchase","VBD"
"1868","purchased","purchase","VBN"
"1869","purged","purge","VBD"
"1870","purged","purge","VBN"
"1871","pursued","pursue","VBD"
"1872","pursued","pursue","VBN"
"1873","pushed","push","VBD"
"1874","pushed","push","VBN"
"1875","put","put","VBD"
"1876","put","put","VBN"
"1877","puzzled","puzzle","VBD"
"1878","puzzled","puzzle","VBN"
"1879","quadrupled","quadruple","VBD"
"1880","quadrupled","quadruple","VBN"
"1881","qualified","qualify","VBD"
"1882","qualified","qualify","VBN"
"1883","quashed","quash","VBD"
"1884","quashed","quash","VBN"
"1885","questioned","question","VBD"
"1886","questioned","question","VBN"
"1887","quieted","quiet","VBD"
"1888","quieted","quiet","VBN"
"1889","quipped","quip","VBD"
"1890","quit","quit","VBD"
"1891","quit","quit","VBN"
"1892","quoted","quote","VBD"
"1893","quoted","quote","VBN"
"1894","racked","rack","VBD"
"1895","racked","rack","VBN"
"1896","raged","rage","VBD"
"1897","raged","rage","VBN"
"1898","raided","raid","VBD"
"1899","raided","raid","VBN"
"1900","rained","rain","VBD"
"1901","raised","raise","VBD"
"1902","raised","raise","VBN"
"1903","rallied","rally","VBD"
"1904","rallied","rally","VBN"
"1905","ran","run","VBD"
"1906","ranged","range","VBD"
"1907","ranged","range","VBN"
"1908","ranked","rank","VBD"
"1909","ranked","rank","VBN"
"1910","raped","rape","VBD"
"1911","raped","rape","VBN"
"1912","rated","rate","VBD"
"1913","rated","rate","VBN"
"1914","ratified","ratify","VBD"
"1915","ratified","ratify","VBN"
"1916","rattled","rattle","VBD"
"1917","rattled","rattle","VBN"
"1918","ravaged","ravage","VBN"
"1919","re-elected","re-elect","VBD"
"1920","re-elected","re-elect","VBN"
"1921","reached","reach","VBD"
"1922","reached","reach","VBN"
"1923","reacted","react","VBD"
"1924","reacted","react","VBN"
"1925","read","read","VBD"
"1926","read","read","VBN"
"1927","realized","realize","VBD"
"1928","realized","realize","VBN"
"1929","reaped","reap","VBD"
"1930","reaped","reap","VBN"
"1931","reappointed","reappoint","VBN"
"1932","reappraised","reappraise","VBD"
"1933","reappraised","reappraise","VBN"
"1934","reasoned","reason","VBD"
"1935","reasoned","reason","VBN"
"1936","reassigned","reassign","VBD"
"1937","reassigned","reassign","VBN"
"1938","reassured","reassure","VBD"
"1939","reassured","reassure","VBN"
"1940","rebounded","rebound","VBD"
"1941","rebounded","rebound","VBN"
"1942","rebuffed","rebuff","VBD"
"1943","rebuffed","rebuff","VBN"
"1944","recalled","recall","VBD"
"1945","recalled","recall","VBN"
"1946","recanted","recant","VBD"
"1947","recanted","recant","VBN"
"1948","received","receive","VBD"
"1949","received","receive","VBN"
"1950","reclassified","reclassify","VBD"
"1951","recognized","recognize","VBD"
"1952","recognized","recognize","VBN"
"1953","recommended","recommend","VBD"
"1954","recommended","recommend","VBN"
"1955","reconsidered","reconsider","VBN"
"1956","reconstructed","reconstruct","VBD"
"1957","reconstructed","reconstruct","VBN"
"1958","recorded","record","VBD"
"1959","recorded","record","VBN"
"1960","recounted","recount","VBD"
"1961","recounted","recount","VBN"
"1962","recovered","recover","VBD"
"1963","recovered","recover","VBN"
"1964","recruited","recruit","VBD"
"1965","recruited","recruit","VBN"
"1966","recycled","recycle","VBN"
"1967","redeemed","redeem","VBN"
"1968","redesigned","redesign","VBD"
"1969","redesigned","redesign","VBN"
"1970","reduced","reduce","VBD"
"1971","reduced","reduce","VBN"
"1972","reeled","reel","VBD"
"1973","reeled","reel","VBN"
"1974","referred","refer","VBD"
"1975","referred","refer","VBN"
"1976","refinanced","refinance","VBD"
"1977","refinanced","refinance","VBN"
"1978","refined","refine","VBN"
"1979","reflected","reflect","VBD"
"1980","reflected","reflect","VBN"
"1981","refocused","refocus","VBD"
"1982","refocused","refocus","VBN"
"1983","reformulated","reformulate","VBN"
"1984","refurbished","refurbish","VBN"
"1985","refused","refuse","VBD"
"1986","refused","refuse","VBN"
"1987","refuted","refute","VBD"
"1988","regained","regain","VBD"
"1989","regained","regain","VBN"
"1990","regarded","regard","VBD"
"1991","regarded","regard","VBN"
"1992","registered","register","VBD"
"1993","registered","register","VBN"
"1994","regulated","regulate","VBN"
"1995","reigned","reign","VBD"
"1996","reignited","reignite","VBD"
"1997","reignited","reignite","VBN"
"1998","reinforced","reinforce","VBD"
"1999","reinforced","reinforce","VBN"
"2000","reinstated","reinstate","VBD"
"2001","reinstated","reinstate","VBN"
"2002","reinvested","reinvest","VBD"
"2003","reinvested","reinvest","VBN"
"2004","reiterated","reiterate","VBD"
"2005","rejected","reject","VBD"
"2006","rejected","reject","VBN"
"2007","related","relate","VBD"
"2008","related","relate","VBN"
"2009","relaxed","relax","VBD"
"2010","relaxed","relax","VBN"
"2011","relayed","relay","VBD"
"2012","released","release","VBD"
"2013","released","release","VBN"
"2014","relied","rely","VBD"
"2015","relied","rely","VBN"
"2016","relieved","relieve","VBD"
"2017","relieved","relieve","VBN"
"2018","relinquished","relinquish","VBD"
"2019","relinquished","relinquish","VBN"
"2020","relocated","relocate","VBD"
"2021","relocated","relocate","VBN"
"2022","remained","remain","VBD"
"2023","remained","remain","VBN"
"2024","remarked","remark","VBD"
"2025","remarked","remark","VBN"
"2026","remembered","remember","VBD"
"2027","remembered","remember","VBN"
"2028","reminded","remind","VBD"
"2029","reminded","remind","VBN"
"2030","removed","remove","VBD"
"2031","removed","remove","VBN"
"2032","renamed","rename","VBD"
"2033","renamed","rename","VBN"
"2034","rendered","render","VBD"
"2035","rendered","render","VBN"
"2036","renegotiated","renegotiate","VBN"
"2037","renewed","renew","VBD"
"2038","renewed","renew","VBN"
"2039","renowned","renown","VBN"
"2040","reoffered","reoffer","VBN"
"2041","reopened","reopen","VBD"
"2042","reopened","reopen","VBN"
"2043","reorganized","reorganize","VBN"
"2044","repaid","repay","VBD"
"2045","repaid","repay","VBN"
"2046","repainted","repaint","VBN"
"2047","repaired","repair","VBD"
"2048","repaired","repair","VBN"
"2049","repassed","repass","VBN"
"2050","repeated","repeat","VBD"
"2051","repeated","repeat","VBN"
"2052","replaced","replace","VBD"
"2053","replaced","replace","VBN"
"2054","replenished","replenish","VBN"
"2055","replied","reply","VBD"
"2056","replied","reply","VBN"
"2057","reported","report","VBD"
"2058","reported","report","VBN"
"2059","represented","represent","VBD"
"2060","represented","represent","VBN"
"2061","repurchase","repurchase","VBD"
"2062","repurchase","repurchase","VBN"
"2063","repurchased","repurchase","VBD"
"2064","repurchased","repurchase","VBN"
"2065","reputed","repute","VBN"
"2066","requested","request","VBD"
"2067","requested","request","VBN"
"2068","required","require","VBD"
"2069","required","require","VBN"
"2070","rescheduled","reschedule","VBD"
"2071","rescheduled","reschedule","VBN"
"2072","rescinded","rescind","VBD"
"2073","rescued","rescue","VBD"
"2074","researched","research","VBN"
"2075","reserved","reserve","VBD"
"2076","reserved","reserve","VBN"
"2077","resigned","resign","VBD"
"2078","resigned","resign","VBN"
"2079","resisted","resist","VBD"
"2080","resisted","resist","VBN"
"2081","resold","resell","VBN"
"2082","resolved","resolve","VBD"
"2083","resolved","resolve","VBN"
"2084","respected","respect","VBD"
"2085","respected","respect","VBN"
"2086","responded","respond","VBD"
"2087","responded","respond","VBN"
"2088","restarted","restart","VBD"
"2089","restarted","restart","VBN"
"2090","restated","restate","VBD"
"2091","restated","restate","VBN"
"2092","restored","restore","VBD"
"2093","restored","restore","VBN"
"2094","restrained","restrain","VBD"
"2095","restrained","restrain","VBN"
"2096","restricted","restrict","VBN"
"2097","restructured","restructure","VBD"
"2098","restructured","restructure","VBN"
"2099","restyled","restyle","VBN"
"2100","resulted","result","VBD"
"2101","resulted","result","VBN"
"2102","resumed","resume","VBD"
"2103","resumed","resume","VBN"
"2104","resurfaced","resurface","VBD"
"2105","resurfaced","resurface","VBN"
"2106","resurrected","resurrect","VBD"
"2107","resurrected","resurrect","VBN"
"2108","retained","retain","VBD"
"2109","retained","retain","VBN"
"2110","retired","retire","VBD"
"2111","retired","retire","VBN"
"2112","retreated","retreat","VBD"
"2113","retreated","retreat","VBN"
"2114","retrieved","retrieve","VBD"
"2115","retrieved","retrieve","VBN"
"2116","returned","return","VBD"
"2117","returned","return","VBN"
"2118","revamped","revamp","VBD"
"2119","revamped","revamp","VBN"
"2120","revealed","reveal","VBD"
"2121","revealed","reveal","VBN"
"2122","reversed","reverse","VBD"
"2123","reversed","reverse","VBN"
"2124","reviewed","review","VBD"
"2125","reviewed","review","VBN"
"2126","revised","revise","VBD"
"2127","revised","revise","VBN"
"2128","revived","revive","VBD"
"2129","revived","revive","VBN"
"2130","revoked","revoke","VBN"
"2131","rewarded","reward","VBN"
"2132","rewritten","rewrite","VBN"
"2133","rid","rid","VBD"
"2134","rid","rid","VBN"
"2135","ripped","rip","VBD"
"2136","ripped","rip","VBN"
"2137","risen","rise","VBN"
"2138","risked","risk","VBD"
"2139","riveted","rivet","VBD"
"2140","riveted","rivet","VBN"
"2141","roamed","roam","VBD"
"2142","robbed","rob","VBN"
"2143","rocked","rock","VBD"
"2144","rocked","rock","VBN"
"2145","rocketed","rocket","VBD"
"2146","rode","ride","VBD"
"2147","rolled","roll","VBD"
"2148","rolled","roll","VBN"
"2149","rooted","root","VBN"
"2150","rose","rise","VBD"
"2151","rounded","round","VBD"
"2152","rounded","round","VBN"
"2153","routed","route","VBN"
"2154","ruined","ruin","VBN"
"2155","ruled","rule","VBD"
"2156","ruled","rule","VBN"
"2157","ruminated","ruminate","VBD"
"2158","ruminated","ruminate","VBN"
"2159","rumored","rumor","VBD"
"2160","rumored","rumor","VBN"
"2161","run","run","VBD"
"2162","run","run","VBN"
"2163","ruptured","rupture","VBD"
"2164","ruptured","rupture","VBN"
"2165","rushed","rush","VBD"
"2166","rushed","rush","VBN"
"2167","saddled","saddle","VBD"
"2168","saddled","saddle","VBN"
"2169","sagged","sag","VBD"
"2170","sagged","sag","VBN"
"2171","said","say","VBD"
"2172","said","say","VBN"
"2173","sailed","sail","VBD"
"2174","salvaged","salvage","VBN"
"2175","sampled","sample","VBN"
"2176","sanctioned","sanction","VBN"
"2177","sang","sing","VBD"
"2178","sank","sink","VBD"
"2179","sat","sit","VBD"
"2180","sat","sit","VBN"
"2181","satisfied","satisfy","VBD"
"2182","satisfied","satisfy","VBN"
"2183","saturated","saturate","VBD"
"2184","saturated","saturate","VBN"
"2185","saved","save","VBD"
"2186","saved","save","VBN"
"2187","saw","see","VBD"
"2188","scaled","scale","VBD"
"2189","scaled","scale","VBN"
"2190","scared","scare","VBD"
"2191","scared","scare","VBN"
"2192","scattered","scatter","VBN"
"2193","scheduled","schedule","VBD"
"2194","scheduled","schedule","VBN"
"2195","scored","score","VBD"
"2196","scored","score","VBN"
"2197","scrambled","scramble","VBD"
"2198","scrambled","scramble","VBN"
"2199","scrapped","scrap","VBD"
"2200","scrapped","scrap","VBN"
"2201","screamed","scream","VBD"
"2202","scuttled","scuttle","VBD"
"2203","scuttled","scuttle","VBN"
"2204","sealed","seal","VBD"
"2205","sealed","seal","VBN"
"2206","searched","search","VBD"
"2207","seated","seat","VBN"
"2208","secured","secure","VBD"
"2209","secured","secure","VBN"
"2210","seemed","seem","VBD"
"2211","seemed","seem","VBN"
"2212","seen","see","VBN"
"2213","segregated","segregate","VBD"
"2214","seized","seize","VBD"
"2215","seized","seize","VBN"
"2216","selected","select","VBD"
"2217","selected","select","VBN"
"2218","sent","send","VBD"
"2219","sent","send","VBN"
"2220","sentenced","sentence","VBD"
"2221","sentenced","sentence","VBN"
"2222","separated","separate","VBN"
"2223","served","serve","VBD"
"2224","served","serve","VBN"
"2225","set","set","VBD"
"2226","set","set","VBN"
"2227","settled","settle","VBD"
"2228","settled","settle","VBN"
"2229","severed","sever","VBD"
"2230","severed","sever","VBN"
"2231","shaken","shake","VBN"
"2232","shaped","shape","VBN"
"2233","shared","share","VBD"
"2234","shared","share","VBN"
"2235","shattered","shatter","VBD"
"2236","shattered","shatter","VBN"
"2237","shaved","shave","VBD"
"2238","shaved","shave","VBN"
"2239","shed","shed","VBD"
"2240","shed","shed","VBN"
"2241","shelled","shell","VBD"
"2242","sheltered","shelter","VBN"
"2243","shelved","shelve","VBD"
"2244","shied","shy","VBD"
"2245","shied","shy","VBN"
"2246","shielded","shield","VBD"
"2247","shielded","shield","VBN"
"2248","shifted","shift","VBD"
"2249","shifted","shift","VBN"
"2250","shipped","ship","VBD"
"2251","shipped","ship","VBN"
"2252","shocked","shock","VBD"
"2253","shocked","shock","VBN"
"2254","shook","shake","VBD"
"2255","shot","shoot","VBD"
"2256","shot","shoot","VBN"
"2257","shouted","shout","VBD"
"2258","showed","show","VBD"
"2259","showed","show","VBN"
"2260","shown","show","VBN"
"2261","shrank","shrink","VBD"
"2262","shredded","shred","VBD"
"2263","shrugged","shrug","VBD"
"2264","shunned","shun","VBD"
"2265","shut","shut","VBD"
"2266","shut","shut","VBN"
"2267","shuttered","shutter","VBD"
"2268","shuttled","shuttle","VBD"
"2269","shuttled","shuttle","VBN"
"2270","sided","side","VBD"
"2271","sided","side","VBN"
"2272","sidelined","sideline","VBN"
"2273","signaled","signal","VBD"
"2274","signaled","signal","VBN"
"2275","signed","sign","VBD"
"2276","signed","sign","VBN"
"2277","singled","single","VBD"
"2278","singled","single","VBN"
"2279","siphoned","siphon","VBD"
"2280","siphoned","siphon","VBN"
"2281","sipped","sip","VBD"
"2282","situated","situate","VBN"
"2283","skewed","skew","VBN"
"2284","skid","skid","VBD"
"2285","skidded","skid","VBD"
"2286","skidded","skid","VBN"
"2287","skyrocketed","skyrocket","VBD"
"2288","skyrocketed","skyrocket","VBN"
"2289","slackened","slacken","VBD"
"2290","slackened","slacken","VBN"
"2291","slain","slay","VBN"
"2292","slammed","slam","VBD"
"2293","slapped","slap","VBD"
"2294","slapped","slap","VBN"
"2295","slashed","slash","VBD"
"2296","slashed","slash","VBN"
"2297","slated","slate","VBD"
"2298","slated","slate","VBN"
"2299","slept","sleep","VBD"
"2300","slid","slide","VBD"
"2301","slid","slide","VBN"
"2302","slipped","slip","VBD"
"2303","slipped","slip","VBN"
"2304","slowed","slow","VBD"
"2305","slowed","slow","VBN"
"2306","slumped","slump","VBD"
"2307","slumped","slump","VBN"
"2308","smashed","smash","VBD"
"2309","smashed","smash","VBN"
"2310","smiled","smile","VBD"
"2311","snagged","snag","VBN"
"2312","snapped","snap","VBD"
"2313","snapped","snap","VBN"
"2314","sneaked","sneak","VBD"
"2315","sniffed","sniff","VBD"
"2316","snowballed","snowball","VBD"
"2317","soared","soar","VBD"
"2318","soared","soar","VBN"
"2319","socalled","socall","VBN"
"2320","softened","soften","VBD"
"2321","softened","soften","VBN"
"2322","sold","sell","VBD"
"2323","sold","sell","VBN"
"2324","solicited","solicit","VBN"
"2325","solved","solve","VBD"
"2326","solved","solve","VBN"
"2327","sought","seek","VBD"
"2328","sought","seek","VBN"
"2329","sounded","sound","VBD"
"2330","sounded","sound","VBN"
"2331","spared","spare","VBD"
"2332","spared","spare","VBN"
"2333","sparked","spark","VBD"
"2334","sparked","spark","VBN"
"2335","spawned","spawn","VBD"
"2336","spawned","spawn","VBN"
"2337","spearheaded","spearhead","VBD"
"2338","spearheaded","spearhead","VBN"
"2339","specialized","specialize","VBN"
"2340","specified","specify","VBD"
"2341","specified","specify","VBN"
"2342","speculated","speculate","VBD"
"2343","speculated","speculate","VBN"
"2344","sped","speed","VBD"
"2345","sped","speed","VBN"
"2346","spent","spend","VBD"
"2347","spent","spend","VBN"
"2348","spiked","spike","VBN"
"2349","spilled","spill","VBD"
"2350","spilled","spill","VBN"
"2351","spirited","spirit","VBN"
"2352","split","split","VBD"
"2353","split","split","VBN"
"2354","spoiled","spoil","VBD"
"2355","spoke","speak","VBD"
"2356","spoken","speak","VBN"
"2357","sponsored","sponsor","VBD"
"2358","sponsored","sponsor","VBN"
"2359","spooked","spook","VBD"
"2360","spooked","spook","VBN"
"2361","spotted","spot","VBD"
"2362","spotted","spot","VBN"
"2363","spread","spread","VBD"
"2364","spread","spread","VBN"
"2365","sprung","spring","VBN"
"2366","spun","spin","VBD"
"2367","spun","spin","VBN"
"2368","spurned","spurn","VBD"
"2369","spurned","spurn","VBN"
"2370","spurred","spur","VBD"
"2371","spurred","spur","VBN"
"2372","spurted","spurt","VBD"
"2373","spurted","spurt","VBN"
"2374","squared","square","VBD"
"2375","squared","square","VBN"
"2376","squeezed","squeeze","VBD"
"2377","squeezed","squeeze","VBN"
"2378","stabbed","stab","VBD"
"2379","stabbed","stab","VBN"
"2380","stabilized","stabilize","VBD"
"2381","stabilized","stabilize","VBN"
"2382","stacked","stack","VBN"
"2383","staged","stage","VBD"
"2384","staged","stage","VBN"
"2385","staggered","stagger","VBD"
"2386","staid","staid","VBN"
"2387","stalked","stalk","VBN"
"2388","stalled","stall","VBD"
"2389","stalled","stall","VBN"
"2390","stampeded","stampede","VBN"
"2391","started","start","VBD"
"2392","started","start","VBN"
"2393","starved","starve","VBN"
"2394","stated","state","VBD"
"2395","stated","state","VBN"
"2396","stationed","station","VBN"
"2397","stayed","stay","VBD"
"2398","stayed","stay","VBN"
"2399","steadied","steady","VBD"
"2400","steadied","steady","VBN"
"2401","steered","steer","VBD"
"2402","steered","steer","VBN"
"2403","stemmed","stem","VBD"
"2404","stemmed","stem","VBN"
"2405","stepped","step","VBD"
"2406","stepped","step","VBN"
"2407","sterilized","sterilize","VBN"
"2408","stewed","stew","VBD"
"2409","stimulated","stimulate","VBN"
"2410","stipulated","stipulate","VBD"
"2411","stirred","stir","VBD"
"2412","stole","steal","VBD"
"2413","stolen","steal","VBN"
"2414","stood","stand","VBD"
"2415","stood","stand","VBN"
"2416","stopped","stop","VBD"
"2417","stopped","stop","VBN"
"2418","strained","strain","VBN"
"2419","stranded","strand","VBN"
"2420","strapped","strap","VBD"
"2421","strapped","strap","VBN"
"2422","streamed","stream","VBD"
"2423","strengthened","strengthen","VBD"
"2424","strengthened","strengthen","VBN"
"2425","stressed","stress","VBD"
"2426","stressed","stress","VBN"
"2427","stretched","stretch","VBD"
"2428","stretched","stretch","VBN"
"2429","stricken","stricken","VBN"
"2430","stripped","strip","VBD"
"2431","stripped","strip","VBN"
"2432","struck","strike","VBD"
"2433","struck","strike","VBN"
"2434","structured","structure","VBD"
"2435","structured","structure","VBN"
"2436","struggled","struggle","VBD"
"2437","struggled","struggle","VBN"
"2438","stuck","stick","VBD"
"2439","stuck","stick","VBN"
"2440","studied","study","VBD"
"2441","studied","study","VBN"
"2442","stumbled","stumble","VBD"
"2443","stumbled","stumble","VBN"
"2444","stung","sting","VBN"
"2445","stunned","stun","VBD"
"2446","stunned","stun","VBN"
"2447","stymied","stymie","VBN"
"2448","subdued","subdue","VBN"
"2449","subjected","subject","VBN"
"2450","submitted","submit","VBD"
"2451","submitted","submit","VBN"
"2452","subordinated","subordinate","VBD"
"2453","subordinated","subordinate","VBN"
"2454","subsided","subside","VBD"
"2455","subsided","subside","VBN"
"2456","subsidized","subsidize","VBN"
"2457","substituted","substitute","VBD"
"2458","substituted","substitute","VBN"
"2459","subtitled","subtitle","VBN"
"2460","subtracted","subtract","VBD"
"2461","subtracted","subtract","VBN"
"2462","succeeded","succeed","VBD"
"2463","succeeded","succeed","VBN"
"2464","sued","sue","VBD"
"2465","sued","sue","VBN"
"2466","suffered","suffer","VBD"
"2467","suffered","suffer","VBN"
"2468","suggested","suggest","VBD"
"2469","suggested","suggest","VBN"
"2470","suited","suit","VBN"
"2471","summed","sum","VBD"
"2472","summoned","summon","VBD"
"2473","summoned","summon","VBN"
"2474","sung","sing","VBN"
"2475","sunk","sink","VBN"
"2476","supervised","supervise","VBD"
"2477","supervised","supervise","VBN"
"2478","supplied","supply","VBD"
"2479","supplied","supply","VBN"
"2480","supported","support","VBD"
"2481","supported","support","VBN"
"2482","supposed","suppose","VBD"
"2483","supposed","suppose","VBN"
"2484","suppressed","suppress","VBD"
"2485","suppressed","suppress","VBN"
"2486","surfaced","surface","VBD"
"2487","surfaced","surface","VBN"
"2488","surged","surge","VBD"
"2489","surged","surge","VBN"
"2490","surpassed","surpass","VBD"
"2491","surpassed","surpass","VBN"
"2492","surprised","surprise","VBD"
"2493","surprised","surprise","VBN"
"2494","surrendered","surrender","VBD"
"2495","surrendered","surrender","VBN"
"2496","surrounded","surround","VBN"
"2497","surveyed","survey","VBD"
"2498","surveyed","survey","VBN"
"2499","survived","survive","VBD"
"2500","survived","survive","VBN"
"2501","suspected","suspect","VBD"
"2502","suspected","suspect","VBN"
"2503","suspended","suspend","VBD"
"2504","suspended","suspend","VBN"
"2505","sustained","sustain","VBD"
"2506","sustained","sustain","VBN"
"2507","swallowed","swallow","VBN"
"2508","swamped","swamp","VBD"
"2509","swamped","swamp","VBN"
"2510","swayed","sway","VBN"
"2511","sweat","sweat","VBD"
"2512","sweetened","sweeten","VBD"
"2513","sweetened","sweeten","VBN"
"2514","swelled","swell","VBD"
"2515","swelled","swell","VBN"
"2516","swept","sweep","VBD"
"2517","swept","sweep","VBN"
"2518","switched","switch","VBD"
"2519","switched","switch","VBN"
"2520","sworn","swear","VBN"
"2521","swung","swing","VBD"
"2522","swung","swing","VBN"
"2523","syndicated","syndicate","VBN"
"2524","tacked","tack","VBD"
"2525","tailored","tailor","VBN"
"2526","tainted","taint","VBN"
"2527","taken","take","VBN"
"2528","talked","talk","VBD"
"2529","talked","talk","VBN"
"2530","tangled","tangle","VBN"
"2531","taped","tape","VBD"
"2532","taped","tape","VBN"
"2533","tapped","tap","VBD"
"2534","tapped","tap","VBN"
"2535","targeted","target","VBD"
"2536","targeted","target","VBN"
"2537","tarnished","tarnish","VBD"
"2538","tarnished","tarnish","VBN"
"2539","taught","teach","VBD"
"2540","taught","teach","VBN"
"2541","taxed","tax","VBD"
"2542","taxed","tax","VBN"
"2543","teamed","team","VBD"
"2544","telegraphed","telegraph","VBD"
"2545","televised","televise","VBN"
"2546","tempered","temper","VBN"
"2547","tended","tend","VBD"
"2548","tended","tend","VBN"
"2549","tendered","tender","VBD"
"2550","tendered","tender","VBN"
"2551","termed","term","VBD"
"2552","termed","term","VBN"
"2553","terminated","terminate","VBD"
"2554","terminated","terminate","VBN"
"2555","tested","test","VBD"
"2556","tested","test","VBN"
"2557","testified","testify","VBD"
"2558","theorized","theorize","VBD"
"2559","thinned","thin","VBN"
"2560","thought","think","VBD"
"2561","thought","think","VBN"
"2562","threatened","threaten","VBD"
"2563","threatened","threaten","VBN"
"2564","threw","throw","VBD"
"2565","thrown","throw","VBN"
"2566","thrust","thrust","VBD"
"2567","thrust","thrust","VBN"
"2568","thwarted","thwart","VBD"
"2569","thwarted","thwart","VBN"
"2570","tied","tie","VBD"
"2571","tied","tie","VBN"
"2572","tightened","tighten","VBD"
"2573","tightened","tighten","VBN"
"2574","tilted","tilt","VBN"
"2575","timed","time","VBD"
"2576","timed","time","VBN"
"2577","tired","tire","VBN"
"2578","titled","title","VBD"
"2579","titled","title","VBN"
"2580","told","tell","VBD"
"2581","told","tell","VBN"
"2582","took","take","VBD"
"2583","topped","top","VBD"
"2584","topped","top","VBN"
"2585","toppled","topple","VBD"
"2586","toppled","topple","VBN"
"2587","torched","torch","VBD"
"2588","torched","torch","VBN"
"2589","tore","tear","VBD"
"2590","torn","tear","VBN"
"2591","tossed","toss","VBD"
"2592","tossed","toss","VBN"
"2593","totaled","total","VBD"
"2594","totaled","total","VBN"
"2595","touched","touch","VBD"
"2596","touched","touch","VBN"
"2597","toured","tour","VBD"
"2598","touted","tout","VBD"
"2599","touted","tout","VBN"
"2600","traced","trace","VBD"
"2601","traced","trace","VBN"
"2602","tracked","track","VBD"
"2603","tracked","track","VBN"
"2604","traded","trade","VBD"
"2605","traded","trade","VBN"
"2606","trailed","trail","VBD"
"2607","trailed","trail","VBN"
"2608","trained","train","VBN"
"2609","trampled","trample","VBN"
"2610","transferred","transfer","VBD"
"2611","transferred","transfer","VBN"
"2612","transformed","transform","VBD"
"2613","transformed","transform","VBN"
"2614","translated","translate","VBN"
"2615","transmitted","transmit","VBD"
"2616","transmitted","transmit","VBN"
"2617","transplanted","transplant","VBN"
"2618","transported","transport","VBD"
"2619","transported","transport","VBN"
"2620","trapped","trap","VBN"
"2621","traumatized","traumatize","VBD"
"2622","traumatized","traumatize","VBN"
"2623","traveled","travel","VBD"
"2624","traveled","travel","VBN"
"2625","treated","treat","VBD"
"2626","treated","treat","VBN"
"2627","tried","try","VBD"
"2628","tried","try","VBN"
"2629","triggered","trigger","VBD"
"2630","triggered","trigger","VBN"
"2631","trimmed","trim","VBD"
"2632","trimmed","trim","VBN"
"2633","tripled","triple","VBD"
"2634","tripled","triple","VBN"
"2635","triumphed","triumph","VBD"
"2636","trotted","trot","VBD"
"2637","trotted","trot","VBN"
"2638","troubled","trouble","VBD"
"2639","troubled","trouble","VBN"
"2640","troughed","trough","VBD"
"2641","trusted","trust","VBD"
"2642","trusted","trust","VBN"
"2643","tucked","tuck","VBD"
"2644","tucked","tuck","VBN"
"2645","tumbled","tumble","VBD"
"2646","tuned","tune","VBN"
"2647","turned","turn","VBD"
"2648","turned","turn","VBN"
"2649","twisted","twist","VBN"
"2650","unconsolidated","unconsolidate","VBD"
"2651","unconsolidated","unconsolidate","VBN"
"2652","uncovered","uncover","VBD"
"2653","uncovered","uncover","VBN"
"2654","undercut","undercut","VBD"
"2655","undercut","undercut","VBN"
"2656","underestimated","underestimate","VBD"
"2657","underestimated","underestimate","VBN"
"2658","underfunded","underfund","VBN"
"2659","underlined","underline","VBD"
"2660","undermined","undermine","VBD"
"2661","undermined","undermine","VBN"
"2662","underpinned","underpin","VBN"
"2663","underscored","underscore","VBD"
"2664","underscored","underscore","VBN"
"2665","understated","understate","VBD"
"2666","understated","understate","VBN"
"2667","understood","understand","VBD"
"2668","understood","understand","VBN"
"2669","undertaken","undertake","VBN"
"2670","undertook","undertake","VBD"
"2671","undervalued","undervalue","VBD"
"2672","undervalued","undervalue","VBN"
"2673","underwritten","underwrite","VBN"
"2674","undone","undo","VBN"
"2675","unfazed","unfaze","VBN"
"2676","unhinged","unhinge","VBN"
"2677","unified","unify","VBN"
"2678","united","unite","VBN"
"2679","unleashed","unleash","VBD"
"2680","unleashed","unleash","VBN"
"2681","unloaded","unload","VBN"
"2682","unnerved","unnerve","VBD"
"2683","unraveled","unravel","VBD"
"2684","unraveled","unravel","VBN"
"2685","unsettled","unsettle","VBD"
"2686","unsettled","unsettle","VBN"
"2687","unveiled","unveil","VBD"
"2688","unveiled","unveil","VBN"
"2689","updated","update","VBN"
"2690","upgraded","upgrade","VBD"
"2691","upgraded","upgrade","VBN"
"2692","upheld","uphold","VBD"
"2693","upheld","uphold","VBN"
"2694","upset","upset","VBN"
"2695","urged","urge","VBD"
"2696","urged","urge","VBN"
"2697","used","use","VBD"
"2698","used","use","VBN"
"2699","ushered","usher","VBD"
"2700","ushered","usher","VBN"
"2701","vacated","vacate","VBD"
"2702","vacated","vacate","VBN"
"2703","valued","value","VBD"
"2704","valued","value","VBN"
"2705","vanished","vanish","VBD"
"2706","vanished","vanish","VBN"
"2707","varied","vary","VBD"
"2708","varied","vary","VBN"
"2709","ventilated","ventilate","VBD"
"2710","ventilated","ventilate","VBN"
"2711","vested","vest","VBN"
"2712","vetoed","veto","VBD"
"2713","vetoed","veto","VBN"
"2714","victimized","victimize","VBN"
"2715","viewed","view","VBD"
"2716","viewed","view","VBN"
"2717","violated","violate","VBD"
"2718","violated","violate","VBN"
"2719","visited","visit","VBD"
"2720","visited","visit","VBN"
"2721","voiced","voice","VBD"
"2722","voiced","voice","VBN"
"2723","volunteered","volunteer","VBD"
"2724","volunteered","volunteer","VBN"
"2725","voted","vote","VBD"
"2726","voted","vote","VBN"
"2727","vowed","vow","VBD"
"2728","vowed","vow","VBN"
"2729","waffled","waffle","VBD"
"2730","waffled","waffle","VBN"
"2731","waited","wait","VBD"
"2732","waited","wait","VBN"
"2733","waived","waive","VBD"
"2734","waived","waive","VBN"
"2735","walked","walk","VBD"
"2736","waned","wane","VBD"
"2737","waned","wane","VBN"
"2738","wanted","want","VBD"
"2739","wanted","want","VBN"
"2740","warmed","warm","VBD"
"2741","warmed","warm","VBN"
"2742","warned","warn","VBD"
"2743","warned","warn","VBN"
"2744","was","be","VBD"
"2745","washed","wash","VBD"
"2746","washed","wash","VBN"
"2747","wasted","waste","VBD"
"2748","wasted","waste","VBN"
"2749","watched","watch","VBD"
"2750","watched","watch","VBN"
"2751","waved","wave","VBD"
"2752","weakened","weaken","VBD"
"2753","weakened","weaken","VBN"
"2754","wed","wed","VBN"
"2755","wedged","wedge","VBD"
"2756","wedged","wedge","VBN"
"2757","weighed","weigh","VBD"
"2758","weighed","weigh","VBN"
"2759","weighted","weight","VBN"
"2760","welcomed","welcome","VBD"
"2761","welcomed","welcome","VBN"
"2762","well-stated","well-state","VBN"
"2763","went","go","VBD"
"2764","were","be","VBD"
"2765","whacked","whack","VBD"
"2766","whacked","whack","VBN"
"2767","when-issued","when-issue","VBN"
"2768","whipsawed","whipsaw","VBN"
"2769","widened","widen","VBD"
"2770","widened","widen","VBN"
"2771","wiped","wipe","VBD"
"2772","wiped","wipe","VBN"
"2773","wished","wish","VBD"
"2774","wished","wish","VBN"
"2775","withdrawn","withdraw","VBN"
"2776","withdrew","withdraw","VBD"
"2777","withheld","withhold","VBD"
"2778","withheld","withhold","VBN"
"2779","withstood","withstand","VBD"
"2780","withstood","withstand","VBN"
"2781","woke","wake","VBD"
"2782","won","win","VBD"
"2783","won","win","VBN"
"2784","wondered","wonder","VBD"
"2785","worded","word","VBN"
"2786","wore","wear","VBD"
"2787","worked","work","VBD"
"2788","worked","work","VBN"
"2789","worn","wear","VBN"
"2790","worried","worry","VBD"
"2791","worried","worry","VBN"
"2792","worsened","worsen","VBD"
"2793","worsened","worsen","VBN"
"2794","wound","wind","VBD"
"2795","wound","wind","VBN"
"2796","wounded","wound","VBN"
"2797","wracked","wrack","VBD"
"2798","wracked","wrack","VBN"
"2799","wrapped","wrap","VBD"
"2800","wrapped","wrap","VBN"
"2801","wreaked","wreak","VBD"
"2802","wrecked","wreck","VBD"
"2803","written","write","VBN"
"2804","wrote","write","VBD"
"2805","yanked","yank","VBD"
"2806","yanked","yank","VBN"
"2807","yelled","yell","VBD"
"2808","yielded","yield","VBD"
"2809","yielded","yield","VBN"
